model_id,threshold,accuracy,balanced_accuracy,auc_roc,auc_pr,f1,sensitivity,specificity,mcc,brier,tn,fp,fn,tp,parameters_M,checkpoint,feature_dim,model,accuracy_lo,accuracy_hi,sensitivity_lo,sensitivity_hi,specificity_lo,specificity_hi,onnx_ms,onnx_size_MB
mobilenet_v3_small,0.5867787599563599,0.9541284403669725,0.9290736145574856,0.9805624483043838,0.9921573788466986,0.9685534591194969,0.9871794871794872,0.8709677419354839,0.886070805774283,0.046880399200010574,27,4,1,77,1.355169,/kaggle/working/models/mobilenet_v3_small_benchmark_seed42.pt,576,MobileNetV3-Small,0.908256880733945,0.9908256880733946,0.958904109589041,1.0,0.7333333333333333,0.9714285714285714,2.039218439999786,5.187464714050293
mobilenet_v2,0.7648853063583374,0.8990825688073395,0.9294871794871795,0.9764267990074442,0.9914418850039555,0.9241379310344827,0.8589743589743589,1.0,0.7962442364029293,0.057894737324254576,31,0,11,67,3.013889,/kaggle/working/models/mobilenet_v2_benchmark_seed42.pt,1280,MobileNetV2,0.8440366972477065,0.9541284403669725,0.7749911971830986,0.9315068493150684,1.0,1.0,5.262019849999433,11.486239433288574
efficientnet_b0,0.4358418583869934,0.908256880733945,0.8775847808105872,0.9499586435070305,0.9795477639773756,0.9367088607594937,0.9487179487179487,0.8064516129032258,0.7709542954386378,0.08293248228576296,25,6,4,74,4.797565,/kaggle/working/models/efficientnet_b0_benchmark_seed42.pt,1280,EfficientNet-B0,0.8529816513761468,0.9541284403669725,0.8947213622291021,0.9879518072289156,0.6538461538461539,0.9333333333333333,9.579645900000742,18.31027603149414
densenet201,0.6494196653366089,0.9541284403669725,0.967948717948718,0.9979321753515302,0.9992276799505713,0.9668874172185431,0.9358974358974359,1.0,0.8977258383892495,0.028241260301611667,31,0,5,73,19.211905,/kaggle/working/models/densenet201_benchmark_seed42.pt,1920,DenseNet201,0.908256880733945,0.9908256880733946,0.8795180722891566,0.986671052631579,1.0,1.0,57.19148335999989,74.35690402984619
resnet50,0.2622918486595154,0.926605504587156,0.8709677419354839,0.9896608767576509,0.9959334160195406,0.9512195121951219,1.0,0.7419354838709677,0.8203159327706547,0.05244799274148369,23,8,0,78,24.692801,/kaggle/working/models/resnet50_benchmark_seed42.pt,2048,ResNet50,0.8715596330275229,0.9724770642201835,1.0,1.0,0.5757575757575758,0.8823529411764706,40.193185359999006,94.13750171661377
vgg16,0.3059578239917755,0.926605504587156,0.8904052936311,0.9846980976013233,0.9938956102027763,0.95,0.9743589743589743,0.8064516129032258,0.8159903700343059,0.049008634417980375,25,6,2,76,27.742017,/kaggle/working/models/vgg16_benchmark_seed42.pt,25088,VGG16,0.8715596330275229,0.9724770642201835,0.935064935064935,1.0,0.65625,0.9375,136.02650118000156,106.02779960632324
convnext_tiny,0.7773882150650024,0.9724770642201835,0.9807692307692308,1.0,0.9999999999999998,0.9803921568627451,0.9615384615384616,1.0,0.9363209025644924,0.006978531320476742,31,0,3,75,28.346977,/kaggle/working/models/convnext_tiny_benchmark_seed42.pt,768,ConvNeXt-Tiny,0.9357798165137615,1.0,0.9156584082810113,1.0,1.0,1.0,61.08434185000078,108.22751808166504
swin_tiny_patch4_window7_224,0.7269205451011658,0.9541284403669725,0.967948717948718,0.9946236559139785,0.9979642824227913,0.9668874172185431,0.9358974358974359,1.0,0.8977258383892495,0.02996148758252448,31,0,5,73,28.046203,/kaggle/working/models/swin_tiny_patch4_window7_224_benchmark_seed42.pt,768,Swin-T,0.9174311926605505,0.9908256880733946,0.8809285714285714,0.9870171495171495,1.0,1.0,82.46539158000132,109.66606330871582
vit_base_patch16_224,0.6445187926292419,0.981651376146789,0.9871794871794872,1.0,0.9999999999999998,0.987012987012987,0.9743589743589743,1.0,0.9567167372356957,0.012044402282691198,31,0,2,76,86.325505,/kaggle/working/models/vit_base_patch16_224_benchmark_seed42.pt,768,ViT-B/16,0.9541284403669725,1.0,0.9358974358974359,1.0,1.0,1.0,180.70628860999932,329.42662715911865
