cleaned_path,original_path,source,class,label,md5,min_dim
/kaggle/working/dataset_cleaned/Conjunctivitis/datase_1.jpg,/kaggle/input/datasets/alisofiya/conjunctivitis/Dataset/infected_eye/1.jpg,datasets,Conjunctivitis,1,a387110eee106c4e9effa55222ab678b,800
/kaggle/working/dataset_cleaned/Conjunctivitis/datase_101.jpg,/kaggle/input/datasets/alisofiya/conjunctivitis/Dataset/infected_eye/101.jpg,datasets,Conjunctivitis,1,71ff4fdb152cb44e791965aabbbfbeae,313
/kaggle/working/dataset_cleaned/Conjunctivitis/datase_102.jpg,/kaggle/input/datasets/safone/conjunctivitis-non-conjunctivitis/Conjunctivitis/102.jpg,datasets,Conjunctivitis,1,a192c84ec6cd94b08072c8f324ef120d,238
/kaggle/working/dataset_cleaned/Conjunctivitis/datase_102.png,/kaggle/input/datasets/alisofiya/conjunctivitis/Dataset/infected_eye/102.png,datasets,Conjunctivitis,1,880c9d483f150e2808d77bcc9be53a3a,207
/kaggle/working/dataset_cleaned/Conjunctivitis/datase_103.jpg,/kaggle/input/datasets/alisofiya/conjunctivitis/Dataset/infected_eye/103.jpg,datasets,Conjunctivitis,1,6f9f47ca610fa05bce79f55a3297899e,218
/kaggle/working/dataset_cleaned/Conjunctivitis/datase_104.jpg,/kaggle/input/datasets/alisofiya/conjunctivitis/Dataset/infected_eye/104.jpg,datasets,Conjunctivitis,1,de8482735c318099e60460bea5ce90e2,407
/kaggle/working/dataset_cleaned/Conjunctivitis/datase_107.jpg,/kaggle/input/datasets/alisofiya/conjunctivitis/Dataset/infected_eye/107.jpg,datasets,Conjunctivitis,1,538977b24cd8d6caa77fbf5589bfd2b2,730
/kaggle/working/dataset_cleaned/Conjunctivitis/datase_108.jpg,/kaggle/input/datasets/alisofiya/conjunctivitis/Dataset/infected_eye/108.jpg,datasets,Conjunctivitis,1,ba0c8f3b30f53f289027c834aed64b56,335
/kaggle/working/dataset_cleaned/Conjunctivitis/datase_109.jpg,/kaggle/input/datasets/alisofiya/conjunctivitis/Dataset/infected_eye/109.jpg,datasets,Conjunctivitis,1,9ea70d873c88393f2af61a25b8f3ecd5,286
/kaggle/working/dataset_cleaned/Conjunctivitis/datase_11.jpg,/kaggle/input/datasets/alisofiya/conjunctivitis/Dataset/infected_eye/11.jpg,datasets,Conjunctivitis,1,34c71c8e5a97920af4450da7cc6767b7,225
/kaggle/working/dataset_cleaned/Conjunctivitis/datase_110.jpg,/kaggle/input/datasets/alisofiya/conjunctivitis/Dataset/infected_eye/110.jpg,datasets,Conjunctivitis,1,e34bf66965fa96fc7b0ec3b059a886df,355
/kaggle/working/dataset_cleaned/Conjunctivitis/datase_111.jpg,/kaggle/input/datasets/alisofiya/conjunctivitis/Dataset/infected_eye/111.jpg,datasets,Conjunctivitis,1,b72f85d452132f4a8224879cefe70873,524
/kaggle/working/dataset_cleaned/Conjunctivitis/datase_113.jpg,/kaggle/input/datasets/alisofiya/conjunctivitis/Dataset/infected_eye/113.jpg,datasets,Conjunctivitis,1,148b2f3714ad4094e7d2aea7c40e865a,350
/kaggle/working/dataset_cleaned/Conjunctivitis/datase_114.jpg,/kaggle/input/datasets/alisofiya/conjunctivitis/Dataset/infected_eye/114.jpg,datasets,Conjunctivitis,1,671188e14d43a91052eddfb1d71ccd49,850
/kaggle/working/dataset_cleaned/Conjunctivitis/datase_115.jpg,/kaggle/input/datasets/alisofiya/conjunctivitis/Dataset/infected_eye/115.jpg,datasets,Conjunctivitis,1,5525ff8afb16594ba7d6c5f32674b614,540
/kaggle/working/dataset_cleaned/Conjunctivitis/datase_116.jpg,/kaggle/input/datasets/alisofiya/conjunctivitis/Dataset/infected_eye/116.jpg,datasets,Conjunctivitis,1,a878e1867e437349c84cc02400621706,368
/kaggle/working/dataset_cleaned/Conjunctivitis/datase_117.jpg,/kaggle/input/datasets/alisofiya/conjunctivitis/Dataset/infected_eye/117.jpg,datasets,Conjunctivitis,1,67694474019744d2f182c09ba6fca594,244
/kaggle/working/dataset_cleaned/Conjunctivitis/datase_118.jpg,/kaggle/input/datasets/alisofiya/conjunctivitis/Dataset/infected_eye/118.jpg,datasets,Conjunctivitis,1,23e04e1627a8e26b81f86071624958c6,420
/kaggle/working/dataset_cleaned/Conjunctivitis/datase_119.jpg,/kaggle/input/datasets/alisofiya/conjunctivitis/Dataset/infected_eye/119.jpg,datasets,Conjunctivitis,1,405f97f1e78a2a63ddd15cfcfeea8ae4,392
/kaggle/working/dataset_cleaned/Conjunctivitis/datase_12.jpg,/kaggle/input/datasets/alisofiya/conjunctivitis/Dataset/infected_eye/12.jpg,datasets,Conjunctivitis,1,ab3a1a2b484ba45dd9e5a96a9d28fab7,360
/kaggle/working/dataset_cleaned/Conjunctivitis/datase_120.jpg,/kaggle/input/datasets/alisofiya/conjunctivitis/Dataset/infected_eye/120.jpg,datasets,Conjunctivitis,1,a254bef1a39f1d5b5bfac55f9a5716b1,282
/kaggle/working/dataset_cleaned/Conjunctivitis/datase_121.jpg,/kaggle/input/datasets/alisofiya/conjunctivitis/Dataset/infected_eye/121.jpg,datasets,Conjunctivitis,1,789fd77871362508b17b59c27b6313d9,453
/kaggle/working/dataset_cleaned/Conjunctivitis/datase_122.jpg,/kaggle/input/datasets/alisofiya/conjunctivitis/Dataset/infected_eye/122.jpg,datasets,Conjunctivitis,1,53b7dbcd17289c7f0ca0f7944203648b,296
/kaggle/working/dataset_cleaned/Conjunctivitis/datase_123.jpg,/kaggle/input/datasets/alisofiya/conjunctivitis/Dataset/infected_eye/123.jpg,datasets,Conjunctivitis,1,b30856c9dcb7b01773347b88d62be2cb,169
/kaggle/working/dataset_cleaned/Conjunctivitis/datase_124.jpg,/kaggle/input/datasets/alisofiya/conjunctivitis/Dataset/infected_eye/124.jpg,datasets,Conjunctivitis,1,18a5c1194e5b95cc690ceb610fb21cbc,539
/kaggle/working/dataset_cleaned/Conjunctivitis/datase_126.jpg,/kaggle/input/datasets/alisofiya/conjunctivitis/Dataset/infected_eye/126.jpg,datasets,Conjunctivitis,1,1edacdf9a274f71a65eb424f59fb7668,655
/kaggle/working/dataset_cleaned/Conjunctivitis/datase_127.jpg,/kaggle/input/datasets/alisofiya/conjunctivitis/Dataset/infected_eye/127.jpg,datasets,Conjunctivitis,1,bbce9a0bb373593d2839dfa2fc1e18bd,1200
/kaggle/working/dataset_cleaned/Conjunctivitis/datase_128.jpg,/kaggle/input/datasets/alisofiya/conjunctivitis/Dataset/infected_eye/128.jpg,datasets,Conjunctivitis,1,c75843b0a5725522872b787cb3830024,900
/kaggle/working/dataset_cleaned/Conjunctivitis/datase_129.jpg,/kaggle/input/datasets/alisofiya/conjunctivitis/Dataset/infected_eye/129.jpg,datasets,Conjunctivitis,1,7e5e6df8323dfd65b2e8a27ba600deab,187
/kaggle/working/dataset_cleaned/Conjunctivitis/datase_13.jpg,/kaggle/input/datasets/alisofiya/conjunctivitis/Dataset/infected_eye/13.jpg,datasets,Conjunctivitis,1,3547b07e9f46129dc660e69414b08803,162
/kaggle/working/dataset_cleaned/Conjunctivitis/datase_130.jpg,/kaggle/input/datasets/alisofiya/conjunctivitis/Dataset/infected_eye/130.jpg,datasets,Conjunctivitis,1,725b44df2f720d21feaee66b4d0b0e62,417
/kaggle/working/dataset_cleaned/Conjunctivitis/datase_131.jpg,/kaggle/input/datasets/alisofiya/conjunctivitis/Dataset/infected_eye/131.jpg,datasets,Conjunctivitis,1,1e3f7ce10365bd9e88342377fd8e132f,269
/kaggle/working/dataset_cleaned/Conjunctivitis/datase_132.jpg,/kaggle/input/datasets/alisofiya/conjunctivitis/Dataset/infected_eye/132.jpg,datasets,Conjunctivitis,1,d55783577b849d52d708afdac151824b,286
/kaggle/working/dataset_cleaned/Conjunctivitis/datase_133.jpg,/kaggle/input/datasets/alisofiya/conjunctivitis/Dataset/infected_eye/133.jpg,datasets,Conjunctivitis,1,6f9196beb3f5ca5dfd1006085aa8eb90,378
/kaggle/working/dataset_cleaned/Conjunctivitis/datase_134.jpg,/kaggle/input/datasets/alisofiya/conjunctivitis/Dataset/infected_eye/134.jpg,datasets,Conjunctivitis,1,83dc3524f48df8991c0db578dd37a0ce,512
/kaggle/working/dataset_cleaned/Conjunctivitis/datase_136.jpg,/kaggle/input/datasets/alisofiya/conjunctivitis/Dataset/infected_eye/136.jpg,datasets,Conjunctivitis,1,ab59026f4316d76e3095f8758da5f4e0,147
/kaggle/working/dataset_cleaned/Conjunctivitis/datase_137.jpg,/kaggle/input/datasets/alisofiya/conjunctivitis/Dataset/infected_eye/137.jpg,datasets,Conjunctivitis,1,00efd0965a5982d4ccaf299614839a2a,194
/kaggle/working/dataset_cleaned/Conjunctivitis/datase_138.jpg,/kaggle/input/datasets/alisofiya/conjunctivitis/Dataset/infected_eye/138.jpg,datasets,Conjunctivitis,1,5c4bc8be63cac1a3a038e8064412f237,728
/kaggle/working/dataset_cleaned/Conjunctivitis/datase_140.jpg,/kaggle/input/datasets/alisofiya/conjunctivitis/Dataset/infected_eye/140.jpg,datasets,Conjunctivitis,1,660c7bc019fea27ee06347794a849876,192
/kaggle/working/dataset_cleaned/Conjunctivitis/datase_142.jpg,/kaggle/input/datasets/alisofiya/conjunctivitis/Dataset/infected_eye/142.jpg,datasets,Conjunctivitis,1,c7c741c8831967858a8c5e9f86fe0553,426
/kaggle/working/dataset_cleaned/Conjunctivitis/datase_143.jpg,/kaggle/input/datasets/alisofiya/conjunctivitis/Dataset/infected_eye/143.jpg,datasets,Conjunctivitis,1,a1d6bee3d6b7a1455203f4c0de343de4,225
/kaggle/working/dataset_cleaned/Conjunctivitis/datase_144.jpg,/kaggle/input/datasets/alisofiya/conjunctivitis/Dataset/infected_eye/144.jpg,datasets,Conjunctivitis,1,7c2521f9b7250286370d1bff371e1fd1,415
/kaggle/working/dataset_cleaned/Conjunctivitis/datase_145.jpg,/kaggle/input/datasets/alisofiya/conjunctivitis/Dataset/infected_eye/145.jpg,datasets,Conjunctivitis,1,69d5f83352286c95bab0832a09496832,406
/kaggle/working/dataset_cleaned/Conjunctivitis/datase_146.jpg,/kaggle/input/datasets/alisofiya/conjunctivitis/Dataset/infected_eye/146.jpg,datasets,Conjunctivitis,1,7aca53d3dba1c5ae31f39b9b79d7bfe1,720
/kaggle/working/dataset_cleaned/Conjunctivitis/datase_150.jpg,/kaggle/input/datasets/alisofiya/conjunctivitis/Dataset/infected_eye/150.jpg,datasets,Conjunctivitis,1,2c4731ae35cf03427586453df8a2a250,390
/kaggle/working/dataset_cleaned/Conjunctivitis/datase_151.jpg,/kaggle/input/datasets/alisofiya/conjunctivitis/Dataset/infected_eye/151.jpg,datasets,Conjunctivitis,1,d46936fc69d691fc11a3310dbfcbe30c,446
/kaggle/working/dataset_cleaned/Conjunctivitis/datase_153.jpeg,/kaggle/input/datasets/alisofiya/conjunctivitis/Dataset/infected_eye/153.jpeg,datasets,Conjunctivitis,1,3fc06426ebbee29a5fa488c02d5418a0,417
/kaggle/working/dataset_cleaned/Conjunctivitis/datase_153.jpg,/kaggle/input/datasets/safone/conjunctivitis-non-conjunctivitis/Conjunctivitis/153.jpg,datasets,Conjunctivitis,1,c2f4e58b563fd91e1f1211220a235925,248
/kaggle/working/dataset_cleaned/Conjunctivitis/datase_154.jpg,/kaggle/input/datasets/safone/conjunctivitis-non-conjunctivitis/Conjunctivitis/154.jpg,datasets,Conjunctivitis,1,b792a6a0e8d35f979f73d26e844a964d,285
/kaggle/working/dataset_cleaned/Conjunctivitis/datase_155.jpg,/kaggle/input/datasets/safone/conjunctivitis-non-conjunctivitis/Conjunctivitis/155.jpg,datasets,Conjunctivitis,1,f1f2e34e62efe487e9d14b2c305ce889,257
/kaggle/working/dataset_cleaned/Conjunctivitis/datase_156.jpeg,/kaggle/input/datasets/alisofiya/conjunctivitis/Dataset/infected_eye/156.jpeg,datasets,Conjunctivitis,1,d09b2ec19bccee100ea03a2149c5ff47,452
/kaggle/working/dataset_cleaned/Conjunctivitis/datase_157.jpeg,/kaggle/input/datasets/alisofiya/conjunctivitis/Dataset/infected_eye/157.jpeg,datasets,Conjunctivitis,1,ca31946b294428d8d3e9eb2c0215f4c8,480
/kaggle/working/dataset_cleaned/Conjunctivitis/datase_16.jpg,/kaggle/input/datasets/alisofiya/conjunctivitis/Dataset/infected_eye/16.jpg,datasets,Conjunctivitis,1,e60b7bd104f2d0b5479c7229abd496c7,213
/kaggle/working/dataset_cleaned/Conjunctivitis/datase_160.jpeg,/kaggle/input/datasets/alisofiya/conjunctivitis/Dataset/infected_eye/160.jpeg,datasets,Conjunctivitis,1,5371cf793dcacd8d7f13f0d1945b8d2f,391
/kaggle/working/dataset_cleaned/Conjunctivitis/datase_161.jpeg,/kaggle/input/datasets/alisofiya/conjunctivitis/Dataset/infected_eye/161.jpeg,datasets,Conjunctivitis,1,7437d9366240342cc39ee7e92deb092d,429
/kaggle/working/dataset_cleaned/Conjunctivitis/datase_162.jpeg,/kaggle/input/datasets/alisofiya/conjunctivitis/Dataset/infected_eye/162.jpeg,datasets,Conjunctivitis,1,3ebfa2d86b95cd101ca20a89674cbc03,452
/kaggle/working/dataset_cleaned/Conjunctivitis/datase_163.jpeg,/kaggle/input/datasets/alisofiya/conjunctivitis/Dataset/infected_eye/163.jpeg,datasets,Conjunctivitis,1,eba8e4ecd6bb5a3b73097894a0a879f3,240
/kaggle/working/dataset_cleaned/Conjunctivitis/datase_166.jpeg,/kaggle/input/datasets/alisofiya/conjunctivitis/Dataset/infected_eye/166.jpeg,datasets,Conjunctivitis,1,a73d19b47e9abcc3fc175c176bd94cac,350
/kaggle/working/dataset_cleaned/Conjunctivitis/datase_167.jpeg,/kaggle/input/datasets/alisofiya/conjunctivitis/Dataset/infected_eye/167.jpeg,datasets,Conjunctivitis,1,4597054cdd50cfe4ea694907ae00bc83,415
/kaggle/working/dataset_cleaned/Conjunctivitis/datase_168.jpg,/kaggle/input/datasets/safone/conjunctivitis-non-conjunctivitis/Conjunctivitis/168.jpg,datasets,Conjunctivitis,1,4dd98e5ad74da4a7ad9592cd97f13de4,296
/kaggle/working/dataset_cleaned/Conjunctivitis/datase_169.jpeg,/kaggle/input/datasets/alisofiya/conjunctivitis/Dataset/infected_eye/169.jpeg,datasets,Conjunctivitis,1,9cc614aadbb5bbca62014a1caa0304fa,172
/kaggle/working/dataset_cleaned/Conjunctivitis/datase_169.jpg,/kaggle/input/datasets/safone/conjunctivitis-non-conjunctivitis/Conjunctivitis/169.jpg,datasets,Conjunctivitis,1,756fa31e201f86721c0e8fad8a50c024,210
/kaggle/working/dataset_cleaned/Conjunctivitis/datase_17.jpg,/kaggle/input/datasets/alisofiya/conjunctivitis/Dataset/infected_eye/17.jpg,datasets,Conjunctivitis,1,efb5654c55c3c81a23eecc2525242894,863
/kaggle/working/dataset_cleaned/Conjunctivitis/datase_170.jpeg,/kaggle/input/datasets/alisofiya/conjunctivitis/Dataset/infected_eye/170.jpeg,datasets,Conjunctivitis,1,6d01380e07e61529a1b6605cdbe423e4,180
/kaggle/working/dataset_cleaned/Conjunctivitis/datase_170.jpg,/kaggle/input/datasets/safone/conjunctivitis-non-conjunctivitis/Conjunctivitis/170.jpg,datasets,Conjunctivitis,1,4cd5ec19af84151e24eb4bf704d68cd7,252
/kaggle/working/dataset_cleaned/Conjunctivitis/datase_172.jpeg,/kaggle/input/datasets/alisofiya/conjunctivitis/Dataset/infected_eye/172.jpeg,datasets,Conjunctivitis,1,9c6f9d3f3f7b9dd35f19527c8e10bc72,406
/kaggle/working/dataset_cleaned/Conjunctivitis/datase_173.jpeg,/kaggle/input/datasets/alisofiya/conjunctivitis/Dataset/infected_eye/173.jpeg,datasets,Conjunctivitis,1,822c85720fe1eaf82b740b9375b9076d,452
/kaggle/working/dataset_cleaned/Conjunctivitis/datase_174.jpeg,/kaggle/input/datasets/alisofiya/conjunctivitis/Dataset/infected_eye/174.jpeg,datasets,Conjunctivitis,1,8d2c11cbb79c2591ae33da66e45d0e9d,415
/kaggle/working/dataset_cleaned/Conjunctivitis/datase_175.jpg,/kaggle/input/datasets/alisofiya/conjunctivitis/Dataset/infected_eye/175.jpg,datasets,Conjunctivitis,1,6901a9b5b2114a18c9339fc05191db79,183
/kaggle/working/dataset_cleaned/Conjunctivitis/datase_176.jpg,/kaggle/input/datasets/alisofiya/conjunctivitis/Dataset/infected_eye/176.jpg,datasets,Conjunctivitis,1,b058abd8d688ec4f97faa87342a1faf9,312
/kaggle/working/dataset_cleaned/Conjunctivitis/datase_18.jpg,/kaggle/input/datasets/alisofiya/conjunctivitis/Dataset/infected_eye/18.jpg,datasets,Conjunctivitis,1,1d02fb81cf6a88815856431fc62692a7,234
/kaggle/working/dataset_cleaned/Conjunctivitis/datase_181.jpg,/kaggle/input/datasets/safone/conjunctivitis-non-conjunctivitis/Conjunctivitis/181.jpg,datasets,Conjunctivitis,1,74f0745925f952fefe64eaa9ba15fa98,224
/kaggle/working/dataset_cleaned/Conjunctivitis/datase_182.jpg,/kaggle/input/datasets/safone/conjunctivitis-non-conjunctivitis/Conjunctivitis/182.jpg,datasets,Conjunctivitis,1,480849e1817846e20238806c7d33e375,278
/kaggle/working/dataset_cleaned/Conjunctivitis/datase_186.jpg,/kaggle/input/datasets/safone/conjunctivitis-non-conjunctivitis/Conjunctivitis/186.jpg,datasets,Conjunctivitis,1,3f1f3d891044a716c81d0e6f434390f9,231
/kaggle/working/dataset_cleaned/Conjunctivitis/datase_187.jpg,/kaggle/input/datasets/safone/conjunctivitis-non-conjunctivitis/Conjunctivitis/187.jpg,datasets,Conjunctivitis,1,6d819d1e624323e1c0e1741a40f8e771,186
/kaggle/working/dataset_cleaned/Conjunctivitis/datase_188.jpg,/kaggle/input/datasets/safone/conjunctivitis-non-conjunctivitis/Conjunctivitis/188.jpg,datasets,Conjunctivitis,1,b98b76be5a78bc18c4f8eaa9304b7b0c,260
/kaggle/working/dataset_cleaned/Conjunctivitis/datase_189.jpg,/kaggle/input/datasets/safone/conjunctivitis-non-conjunctivitis/Conjunctivitis/189.jpg,datasets,Conjunctivitis,1,fd6e08c3f35bc4c01a5178ed3fccf923,302
/kaggle/working/dataset_cleaned/Conjunctivitis/datase_19.jpg,/kaggle/input/datasets/alisofiya/conjunctivitis/Dataset/infected_eye/19.jpg,datasets,Conjunctivitis,1,a3b1f3986aac5479da2b17a0cca744db,200
/kaggle/working/dataset_cleaned/Conjunctivitis/datase_195.jpg,/kaggle/input/datasets/safone/conjunctivitis-non-conjunctivitis/Conjunctivitis/195.jpg,datasets,Conjunctivitis,1,b1f1c203e2f48d453007d2efeff2c11d,298
/kaggle/working/dataset_cleaned/Conjunctivitis/datase_198.jpg,/kaggle/input/datasets/safone/conjunctivitis-non-conjunctivitis/Conjunctivitis/198.jpg,datasets,Conjunctivitis,1,a687ab26a8ea98334f20d0aa1900635d,227
/kaggle/working/dataset_cleaned/Conjunctivitis/datase_199.jpg,/kaggle/input/datasets/safone/conjunctivitis-non-conjunctivitis/Conjunctivitis/199.jpg,datasets,Conjunctivitis,1,f239c192d87071b59321ab2741785671,258
/kaggle/working/dataset_cleaned/Conjunctivitis/datase_20.jpg,/kaggle/input/datasets/alisofiya/conjunctivitis/Dataset/infected_eye/20.jpg,datasets,Conjunctivitis,1,ebb7d48e8a209b0eba29ff3109719501,383
/kaggle/working/dataset_cleaned/Conjunctivitis/datase_200.jpg,/kaggle/input/datasets/safone/conjunctivitis-non-conjunctivitis/Conjunctivitis/200.jpg,datasets,Conjunctivitis,1,c7b5babcd3618be3c756a5b44a8e7c5e,196
/kaggle/working/dataset_cleaned/Conjunctivitis/datase_201.jpg,/kaggle/input/datasets/safone/conjunctivitis-non-conjunctivitis/Conjunctivitis/201.jpg,datasets,Conjunctivitis,1,6351c855140df3a71aecdbb008209570,279
/kaggle/working/dataset_cleaned/Conjunctivitis/datase_207.jpg,/kaggle/input/datasets/safone/conjunctivitis-non-conjunctivitis/Conjunctivitis/207.jpg,datasets,Conjunctivitis,1,76353e52c0e5dff85423026b01c17bd9,250
/kaggle/working/dataset_cleaned/Conjunctivitis/datase_215.jpg,/kaggle/input/datasets/safone/conjunctivitis-non-conjunctivitis/Conjunctivitis/215.jpg,datasets,Conjunctivitis,1,dc18221cfdb7ce477dedbe47c4f1cfb4,171
/kaggle/working/dataset_cleaned/Conjunctivitis/datase_223.jpg,/kaggle/input/datasets/safone/conjunctivitis-non-conjunctivitis/Conjunctivitis/223.jpg,datasets,Conjunctivitis,1,ec691cd9f18cf2f86dbc791495e3e844,275
/kaggle/working/dataset_cleaned/Conjunctivitis/datase_228.jpg,/kaggle/input/datasets/safone/conjunctivitis-non-conjunctivitis/Conjunctivitis/228.jpg,datasets,Conjunctivitis,1,6ccbdcf69755f70efaf1172d794a1159,214
/kaggle/working/dataset_cleaned/Conjunctivitis/datase_231.jpg,/kaggle/input/datasets/safone/conjunctivitis-non-conjunctivitis/Conjunctivitis/231.jpg,datasets,Conjunctivitis,1,27a907bf0729a2e33a522ee0299f32c3,137
/kaggle/working/dataset_cleaned/Conjunctivitis/datase_233.jpg,/kaggle/input/datasets/safone/conjunctivitis-non-conjunctivitis/Conjunctivitis/233.jpg,datasets,Conjunctivitis,1,27d8951778798c26dd5d024f61c250f4,294
/kaggle/working/dataset_cleaned/Conjunctivitis/datase_235.jpg,/kaggle/input/datasets/safone/conjunctivitis-non-conjunctivitis/Conjunctivitis/235.jpg,datasets,Conjunctivitis,1,494797a5baab6af7672683e4bd030edb,239
/kaggle/working/dataset_cleaned/Conjunctivitis/datase_236.jpg,/kaggle/input/datasets/safone/conjunctivitis-non-conjunctivitis/Conjunctivitis/236.jpg,datasets,Conjunctivitis,1,fa440a15a3ba990a845ddf0e9c8c85fc,238
/kaggle/working/dataset_cleaned/Conjunctivitis/datase_237.jpg,/kaggle/input/datasets/safone/conjunctivitis-non-conjunctivitis/Conjunctivitis/237.jpg,datasets,Conjunctivitis,1,54b1995b52e22bb53546c04331d510f1,267
/kaggle/working/dataset_cleaned/Conjunctivitis/datase_238.jpg,/kaggle/input/datasets/safone/conjunctivitis-non-conjunctivitis/Conjunctivitis/238.jpg,datasets,Conjunctivitis,1,6c5cce3c0e38552c2b7a8879180570af,254
/kaggle/working/dataset_cleaned/Conjunctivitis/datase_239.jpg,/kaggle/input/datasets/safone/conjunctivitis-non-conjunctivitis/Conjunctivitis/239.jpg,datasets,Conjunctivitis,1,89a3c952bec7fa93adf44c21621a90f9,245
/kaggle/working/dataset_cleaned/Conjunctivitis/datase_24.jpg,/kaggle/input/datasets/alisofiya/conjunctivitis/Dataset/infected_eye/24.jpg,datasets,Conjunctivitis,1,ff85e5574b2f99ad58a7a42101b66c80,251
/kaggle/working/dataset_cleaned/Conjunctivitis/datase_240.jpg,/kaggle/input/datasets/safone/conjunctivitis-non-conjunctivitis/Conjunctivitis/240.jpg,datasets,Conjunctivitis,1,83963c8f5fa93edae8bc7b15b19a89c4,239
/kaggle/working/dataset_cleaned/Conjunctivitis/datase_245.jpg,/kaggle/input/datasets/safone/conjunctivitis-non-conjunctivitis/Conjunctivitis/245.jpg,datasets,Conjunctivitis,1,d8206971d7ff718951304b8cdd12134f,251
/kaggle/working/dataset_cleaned/Conjunctivitis/datase_249.jpg,/kaggle/input/datasets/safone/conjunctivitis-non-conjunctivitis/Conjunctivitis/249.jpg,datasets,Conjunctivitis,1,78b618d31ef24d9435777886186eb9fd,251
/kaggle/working/dataset_cleaned/Conjunctivitis/datase_25.jpg,/kaggle/input/datasets/alisofiya/conjunctivitis/Dataset/infected_eye/25.jpg,datasets,Conjunctivitis,1,17dd0335f08b12f6e308f8a3be7e92b5,169
/kaggle/working/dataset_cleaned/Conjunctivitis/datase_250.jpg,/kaggle/input/datasets/safone/conjunctivitis-non-conjunctivitis/Conjunctivitis/250.jpg,datasets,Conjunctivitis,1,54681474692f521e81ac6fdf9a20a748,258
/kaggle/working/dataset_cleaned/Conjunctivitis/datase_251.jpg,/kaggle/input/datasets/safone/conjunctivitis-non-conjunctivitis/Conjunctivitis/251.jpg,datasets,Conjunctivitis,1,7a840ce885933c2eb1efcade8a5f46f0,253
/kaggle/working/dataset_cleaned/Conjunctivitis/datase_256.jpg,/kaggle/input/datasets/safone/conjunctivitis-non-conjunctivitis/Conjunctivitis/256.jpg,datasets,Conjunctivitis,1,d53257cec82334e440ef54387e13931b,277
/kaggle/working/dataset_cleaned/Conjunctivitis/datase_257.jpg,/kaggle/input/datasets/safone/conjunctivitis-non-conjunctivitis/Conjunctivitis/257.jpg,datasets,Conjunctivitis,1,d3432bdeaf07998e597882756a22ae80,234
/kaggle/working/dataset_cleaned/Conjunctivitis/datase_258.jpg,/kaggle/input/datasets/safone/conjunctivitis-non-conjunctivitis/Conjunctivitis/258.jpg,datasets,Conjunctivitis,1,c9d49acfe2569666ac2f390ede273edd,243
/kaggle/working/dataset_cleaned/Conjunctivitis/datase_259.jpg,/kaggle/input/datasets/safone/conjunctivitis-non-conjunctivitis/Conjunctivitis/259.jpg,datasets,Conjunctivitis,1,8f8a1f51f30b13bf84e1492b4ffea56e,242
/kaggle/working/dataset_cleaned/Conjunctivitis/datase_26.jpg,/kaggle/input/datasets/alisofiya/conjunctivitis/Dataset/infected_eye/26.jpg,datasets,Conjunctivitis,1,b3b14007283bbf7dac686a0cd4e7f5c7,233
/kaggle/working/dataset_cleaned/Conjunctivitis/datase_260.jpg,/kaggle/input/datasets/safone/conjunctivitis-non-conjunctivitis/Conjunctivitis/260.jpg,datasets,Conjunctivitis,1,b8fed38e725ce671e4de9f69e3c078a4,233
/kaggle/working/dataset_cleaned/Conjunctivitis/datase_261.jpg,/kaggle/input/datasets/safone/conjunctivitis-non-conjunctivitis/Conjunctivitis/261.jpg,datasets,Conjunctivitis,1,857364f1d58a60aff6d6bec28b89a6c7,241
/kaggle/working/dataset_cleaned/Conjunctivitis/datase_262.jpg,/kaggle/input/datasets/safone/conjunctivitis-non-conjunctivitis/Conjunctivitis/262.jpg,datasets,Conjunctivitis,1,824e05cf548e39c7d2c115a33abbf63d,197
/kaggle/working/dataset_cleaned/Conjunctivitis/datase_263.jpg,/kaggle/input/datasets/safone/conjunctivitis-non-conjunctivitis/Conjunctivitis/263.jpg,datasets,Conjunctivitis,1,089fb99c9812da1e94efc55ad5c0c47b,241
/kaggle/working/dataset_cleaned/Conjunctivitis/datase_265.jpg,/kaggle/input/datasets/safone/conjunctivitis-non-conjunctivitis/Conjunctivitis/265.jpg,datasets,Conjunctivitis,1,491ace62220e4cdbb9f0fe44cab0e966,244
/kaggle/working/dataset_cleaned/Conjunctivitis/datase_266.jpg,/kaggle/input/datasets/safone/conjunctivitis-non-conjunctivitis/Conjunctivitis/266.jpg,datasets,Conjunctivitis,1,120a8dfb28ce126fb7762d9ed5d40a0f,273
/kaggle/working/dataset_cleaned/Conjunctivitis/datase_267.jpg,/kaggle/input/datasets/safone/conjunctivitis-non-conjunctivitis/Conjunctivitis/267.jpg,datasets,Conjunctivitis,1,9339e475bb13bb51fe64e2613d809233,271
/kaggle/working/dataset_cleaned/Conjunctivitis/datase_27.jpg,/kaggle/input/datasets/alisofiya/conjunctivitis/Dataset/infected_eye/27.jpg,datasets,Conjunctivitis,1,18dcf0f0da83f203ed56576fd45923f1,356
/kaggle/working/dataset_cleaned/Conjunctivitis/datase_271.jpg,/kaggle/input/datasets/safone/conjunctivitis-non-conjunctivitis/Conjunctivitis/271.jpg,datasets,Conjunctivitis,1,296edf65b24fa2821facddb2302f3ce3,269
/kaggle/working/dataset_cleaned/Conjunctivitis/datase_273.jpg,/kaggle/input/datasets/safone/conjunctivitis-non-conjunctivitis/Conjunctivitis/273.jpg,datasets,Conjunctivitis,1,39bcf66b53c8356cdfd7a12f32e623c8,248
/kaggle/working/dataset_cleaned/Conjunctivitis/datase_274.jpg,/kaggle/input/datasets/safone/conjunctivitis-non-conjunctivitis/Conjunctivitis/274.jpg,datasets,Conjunctivitis,1,8c3dce7e028e66284fa6ead32a63c815,230
/kaggle/working/dataset_cleaned/Conjunctivitis/datase_275.jpg,/kaggle/input/datasets/safone/conjunctivitis-non-conjunctivitis/Conjunctivitis/275.jpg,datasets,Conjunctivitis,1,5f430332edc10ca4f40cf2befcd0e431,215
/kaggle/working/dataset_cleaned/Conjunctivitis/datase_279.jpg,/kaggle/input/datasets/safone/conjunctivitis-non-conjunctivitis/Conjunctivitis/279.jpg,datasets,Conjunctivitis,1,ed17efedb3da048a0f9c1c14e9a689d2,249
/kaggle/working/dataset_cleaned/Conjunctivitis/datase_28.jpg,/kaggle/input/datasets/alisofiya/conjunctivitis/Dataset/infected_eye/28.jpg,datasets,Conjunctivitis,1,8fa99da817053c3e2511dbbd5f0c5d7c,183
/kaggle/working/dataset_cleaned/Conjunctivitis/datase_280.jpg,/kaggle/input/datasets/safone/conjunctivitis-non-conjunctivitis/Conjunctivitis/280.jpg,datasets,Conjunctivitis,1,fbaa9c64b2ee0080f9fbe93bf045abb3,265
/kaggle/working/dataset_cleaned/Conjunctivitis/datase_281.jpg,/kaggle/input/datasets/safone/conjunctivitis-non-conjunctivitis/Conjunctivitis/281.jpg,datasets,Conjunctivitis,1,62f8929b226abc40975b4458e54b3b03,268
/kaggle/working/dataset_cleaned/Conjunctivitis/datase_282.jpg,/kaggle/input/datasets/safone/conjunctivitis-non-conjunctivitis/Conjunctivitis/282.jpg,datasets,Conjunctivitis,1,408789333bff17aecec14940f25e3190,244
/kaggle/working/dataset_cleaned/Conjunctivitis/datase_283.jpg,/kaggle/input/datasets/safone/conjunctivitis-non-conjunctivitis/Conjunctivitis/283.jpg,datasets,Conjunctivitis,1,4d7f4ab1f592da89fc84a854c51890cb,260
/kaggle/working/dataset_cleaned/Conjunctivitis/datase_288.jpg,/kaggle/input/datasets/safone/conjunctivitis-non-conjunctivitis/Conjunctivitis/288.jpg,datasets,Conjunctivitis,1,696bdd68a25ff5b5b08ca28a77a56502,301
/kaggle/working/dataset_cleaned/Conjunctivitis/datase_29.jpg,/kaggle/input/datasets/alisofiya/conjunctivitis/Dataset/infected_eye/29.jpg,datasets,Conjunctivitis,1,2d750a27bb48fcebaae8d3621b5f4dc2,183
/kaggle/working/dataset_cleaned/Conjunctivitis/datase_293.jpg,/kaggle/input/datasets/safone/conjunctivitis-non-conjunctivitis/Conjunctivitis/293.jpg,datasets,Conjunctivitis,1,76fdec4ee869b994d3c38423c0ddfe09,274
/kaggle/working/dataset_cleaned/Conjunctivitis/datase_294.jpg,/kaggle/input/datasets/safone/conjunctivitis-non-conjunctivitis/Conjunctivitis/294.jpg,datasets,Conjunctivitis,1,3088655dcb761c6137eba4fc9e1ccc95,262
/kaggle/working/dataset_cleaned/Conjunctivitis/datase_295.jpg,/kaggle/input/datasets/safone/conjunctivitis-non-conjunctivitis/Conjunctivitis/295.jpg,datasets,Conjunctivitis,1,11b3b85c8497df36fbb170f56f025cf3,272
/kaggle/working/dataset_cleaned/Conjunctivitis/datase_296.jpg,/kaggle/input/datasets/safone/conjunctivitis-non-conjunctivitis/Conjunctivitis/296.jpg,datasets,Conjunctivitis,1,30d425b5165c4c797c3286337816f3df,272
/kaggle/working/dataset_cleaned/Conjunctivitis/datase_297.jpg,/kaggle/input/datasets/safone/conjunctivitis-non-conjunctivitis/Conjunctivitis/297.jpg,datasets,Conjunctivitis,1,a7a39328a97aacb71fc4a67302d7c1e5,301
/kaggle/working/dataset_cleaned/Conjunctivitis/datase_299.jpg,/kaggle/input/datasets/safone/conjunctivitis-non-conjunctivitis/Conjunctivitis/299.jpg,datasets,Conjunctivitis,1,695302273b9ca68608784bac1ca86b89,275
/kaggle/working/dataset_cleaned/Conjunctivitis/datase_3.jpg,/kaggle/input/datasets/alisofiya/conjunctivitis/Dataset/infected_eye/3.jpg,datasets,Conjunctivitis,1,8d00d8e4fa08fe6d9aaa8121211c3a26,415
/kaggle/working/dataset_cleaned/Conjunctivitis/datase_30.jpg,/kaggle/input/datasets/alisofiya/conjunctivitis/Dataset/infected_eye/30.jpg,datasets,Conjunctivitis,1,50c3928705aefec2bc63e3b111e6bf8b,193
/kaggle/working/dataset_cleaned/Conjunctivitis/datase_302.jpg,/kaggle/input/datasets/safone/conjunctivitis-non-conjunctivitis/Conjunctivitis/302.jpg,datasets,Conjunctivitis,1,1ffaf58a4de7ee3ed415cfe9ed1e9d3d,258
/kaggle/working/dataset_cleaned/Conjunctivitis/datase_303.jpg,/kaggle/input/datasets/safone/conjunctivitis-non-conjunctivitis/Conjunctivitis/303.jpg,datasets,Conjunctivitis,1,05ada5339b2ddba1540e8cebf6640fc7,255
/kaggle/working/dataset_cleaned/Conjunctivitis/datase_304.jpg,/kaggle/input/datasets/safone/conjunctivitis-non-conjunctivitis/Conjunctivitis/304.jpg,datasets,Conjunctivitis,1,a8c0816acab94adefa016d34f287159a,225
/kaggle/working/dataset_cleaned/Conjunctivitis/datase_31.jpg,/kaggle/input/datasets/alisofiya/conjunctivitis/Dataset/infected_eye/31.jpg,datasets,Conjunctivitis,1,c91b6a1e2b4fbc833f1d4e9f3c3c01df,722
/kaggle/working/dataset_cleaned/Conjunctivitis/datase_312.jpg,/kaggle/input/datasets/safone/conjunctivitis-non-conjunctivitis/Conjunctivitis/312.jpg,datasets,Conjunctivitis,1,6fbb6ab9aa1b43d7a61747e3a037a8f6,192
/kaggle/working/dataset_cleaned/Conjunctivitis/datase_313.jpg,/kaggle/input/datasets/safone/conjunctivitis-non-conjunctivitis/Conjunctivitis/313.jpg,datasets,Conjunctivitis,1,56284fa676745305a6c1839b5fcb92fd,260
/kaggle/working/dataset_cleaned/Conjunctivitis/datase_314.jpg,/kaggle/input/datasets/safone/conjunctivitis-non-conjunctivitis/Conjunctivitis/314.jpg,datasets,Conjunctivitis,1,e3b38faf9d924e610145d0151a84383c,254
/kaggle/working/dataset_cleaned/Conjunctivitis/datase_316.jpg,/kaggle/input/datasets/safone/conjunctivitis-non-conjunctivitis/Conjunctivitis/316.jpg,datasets,Conjunctivitis,1,f1a4364889fd764c4d0ffcaa7d6d414d,253
/kaggle/working/dataset_cleaned/Conjunctivitis/datase_317.jpg,/kaggle/input/datasets/safone/conjunctivitis-non-conjunctivitis/Conjunctivitis/317.jpg,datasets,Conjunctivitis,1,1cf56cff299ae09f7803c5effae65d41,236
/kaggle/working/dataset_cleaned/Conjunctivitis/datase_319.jpg,/kaggle/input/datasets/safone/conjunctivitis-non-conjunctivitis/Conjunctivitis/319.jpg,datasets,Conjunctivitis,1,aef03ba5f98cc473d5636c386299316b,296
/kaggle/working/dataset_cleaned/Conjunctivitis/datase_320.jpg,/kaggle/input/datasets/safone/conjunctivitis-non-conjunctivitis/Conjunctivitis/320.jpg,datasets,Conjunctivitis,1,a6b86ab04df13cd05e68f46f64ce89ee,272
/kaggle/working/dataset_cleaned/Conjunctivitis/datase_322.jpg,/kaggle/input/datasets/safone/conjunctivitis-non-conjunctivitis/Conjunctivitis/322.jpg,datasets,Conjunctivitis,1,55faa5064887d96fc4f161bdfa5fbc92,269
/kaggle/working/dataset_cleaned/Conjunctivitis/datase_326.jpg,/kaggle/input/datasets/safone/conjunctivitis-non-conjunctivitis/Conjunctivitis/326.jpg,datasets,Conjunctivitis,1,36665dcafb37b0c60ad961068f9b81f7,257
/kaggle/working/dataset_cleaned/Conjunctivitis/datase_327.jpg,/kaggle/input/datasets/safone/conjunctivitis-non-conjunctivitis/Conjunctivitis/327.jpg,datasets,Conjunctivitis,1,dbed1bd12db91ab811085270aedb634b,251
/kaggle/working/dataset_cleaned/Conjunctivitis/datase_328.jpg,/kaggle/input/datasets/safone/conjunctivitis-non-conjunctivitis/Conjunctivitis/328.jpg,datasets,Conjunctivitis,1,58d37ffadf4c7a8495cc1932a06e3dcb,252
/kaggle/working/dataset_cleaned/Conjunctivitis/datase_329.jpg,/kaggle/input/datasets/safone/conjunctivitis-non-conjunctivitis/Conjunctivitis/329.jpg,datasets,Conjunctivitis,1,8b843ef5f373582722a6e522eefc5de4,229
/kaggle/working/dataset_cleaned/Conjunctivitis/datase_33.jpg,/kaggle/input/datasets/alisofiya/conjunctivitis/Dataset/infected_eye/33.jpg,datasets,Conjunctivitis,1,9f97bd2617d99c0d659b1c3513b8c552,532
/kaggle/working/dataset_cleaned/Conjunctivitis/datase_330.jpg,/kaggle/input/datasets/safone/conjunctivitis-non-conjunctivitis/Conjunctivitis/330.jpg,datasets,Conjunctivitis,1,9e755c85632305718f00cc8eae753994,231
/kaggle/working/dataset_cleaned/Conjunctivitis/datase_331.jpg,/kaggle/input/datasets/safone/conjunctivitis-non-conjunctivitis/Conjunctivitis/331.jpg,datasets,Conjunctivitis,1,6944053bd603c0c49e0412fd15d9e2e8,246
/kaggle/working/dataset_cleaned/Conjunctivitis/datase_334.jpg,/kaggle/input/datasets/safone/conjunctivitis-non-conjunctivitis/Conjunctivitis/334.jpg,datasets,Conjunctivitis,1,5d2c3fb769ffae441ad870e393627101,229
/kaggle/working/dataset_cleaned/Conjunctivitis/datase_335.jpg,/kaggle/input/datasets/safone/conjunctivitis-non-conjunctivitis/Conjunctivitis/335.jpg,datasets,Conjunctivitis,1,4c9ed04ad4be59ac877712074fc6ec71,275
/kaggle/working/dataset_cleaned/Conjunctivitis/datase_34.jpg,/kaggle/input/datasets/alisofiya/conjunctivitis/Dataset/infected_eye/34.jpg,datasets,Conjunctivitis,1,017cd9383ce14fc58d51dcee101001a3,184
/kaggle/working/dataset_cleaned/Conjunctivitis/datase_35.jpg,/kaggle/input/datasets/alisofiya/conjunctivitis/Dataset/infected_eye/35.jpg,datasets,Conjunctivitis,1,c06d5e5a475fa5d12851c1811c53a219,194
/kaggle/working/dataset_cleaned/Conjunctivitis/datase_356.jpg,/kaggle/input/datasets/safone/conjunctivitis-non-conjunctivitis/Conjunctivitis/356.jpg,datasets,Conjunctivitis,1,a59dd70badaf670c981ff73eef4f7648,260
/kaggle/working/dataset_cleaned/Conjunctivitis/datase_357.jpg,/kaggle/input/datasets/safone/conjunctivitis-non-conjunctivitis/Conjunctivitis/357.jpg,datasets,Conjunctivitis,1,ed75f4faba869e9b72ed43fde86a6cc3,263
/kaggle/working/dataset_cleaned/Conjunctivitis/datase_358.jpg,/kaggle/input/datasets/safone/conjunctivitis-non-conjunctivitis/Conjunctivitis/358.jpg,datasets,Conjunctivitis,1,989c0c8ad48fa4abb0aebfeb0ad9ff0a,256
/kaggle/working/dataset_cleaned/Conjunctivitis/datase_359.jpg,/kaggle/input/datasets/safone/conjunctivitis-non-conjunctivitis/Conjunctivitis/359.jpg,datasets,Conjunctivitis,1,3054205230f551403ce9e2e46226306c,308
/kaggle/working/dataset_cleaned/Conjunctivitis/datase_36.jpg,/kaggle/input/datasets/alisofiya/conjunctivitis/Dataset/infected_eye/36.jpg,datasets,Conjunctivitis,1,ce1f2aadc69d92d0af9cde7e4a95b37d,184
/kaggle/working/dataset_cleaned/Conjunctivitis/datase_360.jpg,/kaggle/input/datasets/safone/conjunctivitis-non-conjunctivitis/Conjunctivitis/360.jpg,datasets,Conjunctivitis,1,5b540e96ef826f68d96745e7551656a1,264
/kaggle/working/dataset_cleaned/Conjunctivitis/datase_363.jpg,/kaggle/input/datasets/safone/conjunctivitis-non-conjunctivitis/Conjunctivitis/363.jpg,datasets,Conjunctivitis,1,971a5bcbbaf2cc57ffb827c7b19a25eb,376
/kaggle/working/dataset_cleaned/Conjunctivitis/datase_364.jpg,/kaggle/input/datasets/safone/conjunctivitis-non-conjunctivitis/Conjunctivitis/364.jpg,datasets,Conjunctivitis,1,26eaf8ea5fceb43aa6718473e029f260,290
/kaggle/working/dataset_cleaned/Conjunctivitis/datase_367.jpg,/kaggle/input/datasets/safone/conjunctivitis-non-conjunctivitis/Conjunctivitis/367.jpg,datasets,Conjunctivitis,1,659283361691a573c5a6119e8777e88b,315
/kaggle/working/dataset_cleaned/Conjunctivitis/datase_368.jpg,/kaggle/input/datasets/safone/conjunctivitis-non-conjunctivitis/Conjunctivitis/368.jpg,datasets,Conjunctivitis,1,3ab620c3d21928417901e10b641ed792,270
/kaggle/working/dataset_cleaned/Conjunctivitis/datase_37.jpg,/kaggle/input/datasets/alisofiya/conjunctivitis/Dataset/infected_eye/37.jpg,datasets,Conjunctivitis,1,56c2302ab78501294ce71d955de5637a,360
/kaggle/working/dataset_cleaned/Conjunctivitis/datase_374.jpg,/kaggle/input/datasets/safone/conjunctivitis-non-conjunctivitis/Conjunctivitis/374.jpg,datasets,Conjunctivitis,1,e5c3efe1f185de7f8451bf339bf2672b,269
/kaggle/working/dataset_cleaned/Conjunctivitis/datase_375.jpg,/kaggle/input/datasets/safone/conjunctivitis-non-conjunctivitis/Conjunctivitis/375.jpg,datasets,Conjunctivitis,1,deea0aa17fe56e59e2cbd526a90a1fde,297
/kaggle/working/dataset_cleaned/Conjunctivitis/datase_376.jpg,/kaggle/input/datasets/safone/conjunctivitis-non-conjunctivitis/Conjunctivitis/376.jpg,datasets,Conjunctivitis,1,e1a55288a8ecdb358ecaa6e59511e625,267
/kaggle/working/dataset_cleaned/Conjunctivitis/datase_377.jpg,/kaggle/input/datasets/safone/conjunctivitis-non-conjunctivitis/Conjunctivitis/377.jpg,datasets,Conjunctivitis,1,d14f43cb5667457aa790de53b2f2a0c5,275
/kaggle/working/dataset_cleaned/Conjunctivitis/datase_378.jpg,/kaggle/input/datasets/safone/conjunctivitis-non-conjunctivitis/Conjunctivitis/378.jpg,datasets,Conjunctivitis,1,60f3dd043fe28b4b8034a7378ffce783,254
/kaggle/working/dataset_cleaned/Conjunctivitis/datase_380.jpg,/kaggle/input/datasets/safone/conjunctivitis-non-conjunctivitis/Conjunctivitis/380.jpg,datasets,Conjunctivitis,1,51139e92ddbbfc332bb77d1f34688ce4,248
/kaggle/working/dataset_cleaned/Conjunctivitis/datase_383.jpg,/kaggle/input/datasets/safone/conjunctivitis-non-conjunctivitis/Conjunctivitis/383.jpg,datasets,Conjunctivitis,1,112e52104207629abfc6c883a8ae4b85,250
/kaggle/working/dataset_cleaned/Conjunctivitis/datase_384.jpg,/kaggle/input/datasets/safone/conjunctivitis-non-conjunctivitis/Conjunctivitis/384.jpg,datasets,Conjunctivitis,1,94dc0507434a759d1a0c46dd62c0567c,263
/kaggle/working/dataset_cleaned/Conjunctivitis/datase_385.jpg,/kaggle/input/datasets/safone/conjunctivitis-non-conjunctivitis/Conjunctivitis/385.jpg,datasets,Conjunctivitis,1,678adeb7d8e047f6271e16d61dd92ead,261
/kaggle/working/dataset_cleaned/Conjunctivitis/datase_386.jpg,/kaggle/input/datasets/safone/conjunctivitis-non-conjunctivitis/Conjunctivitis/386.jpg,datasets,Conjunctivitis,1,231ffcc16cbb218636c1cad7263154a0,277
/kaggle/working/dataset_cleaned/Conjunctivitis/datase_387.jpg,/kaggle/input/datasets/safone/conjunctivitis-non-conjunctivitis/Conjunctivitis/387.jpg,datasets,Conjunctivitis,1,2c1dedc5ce22106aadd03ed36846f1c1,237
/kaggle/working/dataset_cleaned/Conjunctivitis/datase_388.jpg,/kaggle/input/datasets/safone/conjunctivitis-non-conjunctivitis/Conjunctivitis/388.jpg,datasets,Conjunctivitis,1,aa03e8bd9781960e8d8fa3e28cc8eb00,258
/kaggle/working/dataset_cleaned/Conjunctivitis/datase_390.jpg,/kaggle/input/datasets/safone/conjunctivitis-non-conjunctivitis/Conjunctivitis/390.jpg,datasets,Conjunctivitis,1,8445d3292a247566c851dace2fd67cd7,254
/kaggle/working/dataset_cleaned/Conjunctivitis/datase_391.jpg,/kaggle/input/datasets/safone/conjunctivitis-non-conjunctivitis/Conjunctivitis/391.jpg,datasets,Conjunctivitis,1,5c44ed56d41c8e669a22207d0cab33cc,261
/kaggle/working/dataset_cleaned/Conjunctivitis/datase_393.jpg,/kaggle/input/datasets/safone/conjunctivitis-non-conjunctivitis/Conjunctivitis/393.jpg,datasets,Conjunctivitis,1,ac9be06f3a2481c854a848c60035588b,248
/kaggle/working/dataset_cleaned/Conjunctivitis/datase_398.jpg,/kaggle/input/datasets/safone/conjunctivitis-non-conjunctivitis/Conjunctivitis/398.jpg,datasets,Conjunctivitis,1,5186e3372cb3157ef163ba42fa2084fa,251
/kaggle/working/dataset_cleaned/Conjunctivitis/datase_399.jpg,/kaggle/input/datasets/safone/conjunctivitis-non-conjunctivitis/Conjunctivitis/399.jpg,datasets,Conjunctivitis,1,f84833e038ba86b6e545a2826e466b81,261
/kaggle/working/dataset_cleaned/Conjunctivitis/datase_40.jpg,/kaggle/input/datasets/alisofiya/conjunctivitis/Dataset/infected_eye/40.jpg,datasets,Conjunctivitis,1,7563aba7e6c8dc5c71b9217d77aab5d0,308
/kaggle/working/dataset_cleaned/Conjunctivitis/datase_400.jpg,/kaggle/input/datasets/safone/conjunctivitis-non-conjunctivitis/Conjunctivitis/400.jpg,datasets,Conjunctivitis,1,2e677fc6fad8057910253b147aee1df6,267
/kaggle/working/dataset_cleaned/Conjunctivitis/datase_401.jpg,/kaggle/input/datasets/safone/conjunctivitis-non-conjunctivitis/Conjunctivitis/401.jpg,datasets,Conjunctivitis,1,e0ac2fa95b729b5c09f9bbcbdaa3345a,277
/kaggle/working/dataset_cleaned/Conjunctivitis/datase_402.jpg,/kaggle/input/datasets/safone/conjunctivitis-non-conjunctivitis/Conjunctivitis/402.jpg,datasets,Conjunctivitis,1,b443df2b33ac47591016b236d55f2e8b,232
/kaggle/working/dataset_cleaned/Conjunctivitis/datase_405.jpg,/kaggle/input/datasets/safone/conjunctivitis-non-conjunctivitis/Conjunctivitis/405.jpg,datasets,Conjunctivitis,1,8a6f6baab4387ef6193a863cebc938a3,266
/kaggle/working/dataset_cleaned/Conjunctivitis/datase_406.jpg,/kaggle/input/datasets/safone/conjunctivitis-non-conjunctivitis/Conjunctivitis/406.jpg,datasets,Conjunctivitis,1,0bf1f87f2514e09bfa81d10ec3d36c7f,302
/kaggle/working/dataset_cleaned/Conjunctivitis/datase_408.jpg,/kaggle/input/datasets/safone/conjunctivitis-non-conjunctivitis/Conjunctivitis/408.jpg,datasets,Conjunctivitis,1,bf75628f2c4a7fa99e1c71feab0690a3,277
/kaggle/working/dataset_cleaned/Conjunctivitis/datase_409.jpg,/kaggle/input/datasets/safone/conjunctivitis-non-conjunctivitis/Conjunctivitis/409.jpg,datasets,Conjunctivitis,1,2c2bbfac4239f40ab7db1abc21c9956f,332
/kaggle/working/dataset_cleaned/Conjunctivitis/datase_411.jpg,/kaggle/input/datasets/safone/conjunctivitis-non-conjunctivitis/Conjunctivitis/411.jpg,datasets,Conjunctivitis,1,42895d7b0e6c8c768705b97aeee36b08,314
/kaggle/working/dataset_cleaned/Conjunctivitis/datase_412.jpg,/kaggle/input/datasets/safone/conjunctivitis-non-conjunctivitis/Conjunctivitis/412.jpg,datasets,Conjunctivitis,1,f4e6b85322b4ebe2445a86abdd123e2f,251
/kaggle/working/dataset_cleaned/Conjunctivitis/datase_413.jpg,/kaggle/input/datasets/safone/conjunctivitis-non-conjunctivitis/Conjunctivitis/413.jpg,datasets,Conjunctivitis,1,cb936be9de0325e97debeda934e0f19c,237
/kaggle/working/dataset_cleaned/Conjunctivitis/datase_415.jpg,/kaggle/input/datasets/safone/conjunctivitis-non-conjunctivitis/Conjunctivitis/415.jpg,datasets,Conjunctivitis,1,f0ea329927c889611f3a8166f9542825,271
/kaggle/working/dataset_cleaned/Conjunctivitis/datase_416.jpg,/kaggle/input/datasets/safone/conjunctivitis-non-conjunctivitis/Conjunctivitis/416.jpg,datasets,Conjunctivitis,1,d057c77c6c59e934010979abe8e78303,285
/kaggle/working/dataset_cleaned/Conjunctivitis/datase_419.jpg,/kaggle/input/datasets/safone/conjunctivitis-non-conjunctivitis/Conjunctivitis/419.jpg,datasets,Conjunctivitis,1,7f2b12291d8a9cff086606ec0cc4cfd7,273
/kaggle/working/dataset_cleaned/Conjunctivitis/datase_42.jpg,/kaggle/input/datasets/alisofiya/conjunctivitis/Dataset/infected_eye/42.jpg,datasets,Conjunctivitis,1,082249fedc75e067bfc52a28bf2083dd,667
/kaggle/working/dataset_cleaned/Conjunctivitis/datase_421.jpg,/kaggle/input/datasets/safone/conjunctivitis-non-conjunctivitis/Conjunctivitis/421.jpg,datasets,Conjunctivitis,1,f36177fc490f06e9b39e94b350dca8e7,263
/kaggle/working/dataset_cleaned/Conjunctivitis/datase_424.jpg,/kaggle/input/datasets/safone/conjunctivitis-non-conjunctivitis/Conjunctivitis/424.jpg,datasets,Conjunctivitis,1,6d7856b2a7f4d5911d9ff0188a48c8cb,275
/kaggle/working/dataset_cleaned/Conjunctivitis/datase_425.jpg,/kaggle/input/datasets/safone/conjunctivitis-non-conjunctivitis/Conjunctivitis/425.jpg,datasets,Conjunctivitis,1,00646a37157ffd00731e25aeec9ce57e,266
/kaggle/working/dataset_cleaned/Conjunctivitis/datase_433.jpg,/kaggle/input/datasets/safone/conjunctivitis-non-conjunctivitis/Conjunctivitis/433.jpg,datasets,Conjunctivitis,1,886babd5827b443385fe9e7f4bb51f3e,260
/kaggle/working/dataset_cleaned/Conjunctivitis/datase_434.jpg,/kaggle/input/datasets/safone/conjunctivitis-non-conjunctivitis/Conjunctivitis/434.jpg,datasets,Conjunctivitis,1,986a16648181ac693d76f38a6be7c63f,283
/kaggle/working/dataset_cleaned/Conjunctivitis/datase_437.jpg,/kaggle/input/datasets/safone/conjunctivitis-non-conjunctivitis/Conjunctivitis/437.jpg,datasets,Conjunctivitis,1,d90fc378b73d2cecc87a90b4f3e7616b,255
/kaggle/working/dataset_cleaned/Conjunctivitis/datase_439.jpg,/kaggle/input/datasets/safone/conjunctivitis-non-conjunctivitis/Conjunctivitis/439.jpg,datasets,Conjunctivitis,1,3ec98ebc9074b0e288ea697feb202e16,268
/kaggle/working/dataset_cleaned/Conjunctivitis/datase_440.jpg,/kaggle/input/datasets/safone/conjunctivitis-non-conjunctivitis/Conjunctivitis/440.jpg,datasets,Conjunctivitis,1,55c1abbe8d0c7516580502d273558723,254
/kaggle/working/dataset_cleaned/Conjunctivitis/datase_441.jpg,/kaggle/input/datasets/safone/conjunctivitis-non-conjunctivitis/Conjunctivitis/441.jpg,datasets,Conjunctivitis,1,8c7d0112c4363ac7985627c1c9e51852,284
/kaggle/working/dataset_cleaned/Conjunctivitis/datase_45.jpg,/kaggle/input/datasets/alisofiya/conjunctivitis/Dataset/infected_eye/45.jpg,datasets,Conjunctivitis,1,c95319c959e52910540cbf28449dae07,106
/kaggle/working/dataset_cleaned/Conjunctivitis/datase_46.jpg,/kaggle/input/datasets/alisofiya/conjunctivitis/Dataset/infected_eye/46.jpg,datasets,Conjunctivitis,1,67bc716254ca59a9b0bed14b7aefe819,360
/kaggle/working/dataset_cleaned/Conjunctivitis/datase_48.jpg,/kaggle/input/datasets/alisofiya/conjunctivitis/Dataset/infected_eye/48.jpg,datasets,Conjunctivitis,1,97c06cab3fe3ada204ea4b0d1bffc1d6,383
/kaggle/working/dataset_cleaned/Conjunctivitis/datase_495.jpg,/kaggle/input/datasets/safone/conjunctivitis-non-conjunctivitis/Conjunctivitis/495.jpg,datasets,Conjunctivitis,1,9d8b3ec62540785313d78c4002435cc5,267
/kaggle/working/dataset_cleaned/Conjunctivitis/datase_496.jpg,/kaggle/input/datasets/safone/conjunctivitis-non-conjunctivitis/Conjunctivitis/496.jpg,datasets,Conjunctivitis,1,6f8cdeb7ee30141341bfea9173fb9b85,245
/kaggle/working/dataset_cleaned/Conjunctivitis/datase_498.jpg,/kaggle/input/datasets/safone/conjunctivitis-non-conjunctivitis/Conjunctivitis/498.jpg,datasets,Conjunctivitis,1,70141d551b1e13af578f9535fdaf9af1,263
/kaggle/working/dataset_cleaned/Conjunctivitis/datase_499.jpg,/kaggle/input/datasets/safone/conjunctivitis-non-conjunctivitis/Conjunctivitis/499.jpg,datasets,Conjunctivitis,1,fa7bcb4c199fd2d143269839a136cb95,271
/kaggle/working/dataset_cleaned/Conjunctivitis/datase_50.jpg,/kaggle/input/datasets/alisofiya/conjunctivitis/Dataset/infected_eye/50.jpg,datasets,Conjunctivitis,1,a6b2b82a3e423f33bab59b2259e32435,313
/kaggle/working/dataset_cleaned/Conjunctivitis/datase_502(1).jpg,/kaggle/input/datasets/safone/conjunctivitis-non-conjunctivitis/Conjunctivitis/502(1).jpg,datasets,Conjunctivitis,1,40a0f88165aa5a956d2b9c3a39a1a68b,485
/kaggle/working/dataset_cleaned/Conjunctivitis/datase_51.jpg,/kaggle/input/datasets/alisofiya/conjunctivitis/Dataset/infected_eye/51.jpg,datasets,Conjunctivitis,1,8f73771242e42082ae79c5b3b531298a,262
/kaggle/working/dataset_cleaned/Conjunctivitis/datase_531.jpg,/kaggle/input/datasets/safone/conjunctivitis-non-conjunctivitis/Conjunctivitis/531.jpg,datasets,Conjunctivitis,1,34796c8595f1aac5d782c1a814d8b117,285
/kaggle/working/dataset_cleaned/Conjunctivitis/datase_534.jpg,/kaggle/input/datasets/safone/conjunctivitis-non-conjunctivitis/Conjunctivitis/534.jpg,datasets,Conjunctivitis,1,b074ffee4be457f2daced2b26912c6a5,245
/kaggle/working/dataset_cleaned/Conjunctivitis/datase_535.jpg,/kaggle/input/datasets/safone/conjunctivitis-non-conjunctivitis/Conjunctivitis/535.jpg,datasets,Conjunctivitis,1,b6962c6ee7eb3a3dbaae0d6731134c23,271
/kaggle/working/dataset_cleaned/Conjunctivitis/datase_545.jpg,/kaggle/input/datasets/safone/conjunctivitis-non-conjunctivitis/Conjunctivitis/545.jpg,datasets,Conjunctivitis,1,697f7f2a42b116370e0992494176b468,343
/kaggle/working/dataset_cleaned/Conjunctivitis/datase_548.jpg,/kaggle/input/datasets/safone/conjunctivitis-non-conjunctivitis/Conjunctivitis/548.jpg,datasets,Conjunctivitis,1,f8f639d192c908b3b8d2d357a2fdf5cb,251
/kaggle/working/dataset_cleaned/Conjunctivitis/datase_56.jpg,/kaggle/input/datasets/alisofiya/conjunctivitis/Dataset/infected_eye/56.jpg,datasets,Conjunctivitis,1,3833e9c7db8c26c6e1b6c4b14de5e9f0,446
/kaggle/working/dataset_cleaned/Conjunctivitis/datase_59.jpg,/kaggle/input/datasets/alisofiya/conjunctivitis/Dataset/infected_eye/59.jpg,datasets,Conjunctivitis,1,f09539ae1c1e9afcc7625edb1190ef86,406
/kaggle/working/dataset_cleaned/Conjunctivitis/datase_60.jpg,/kaggle/input/datasets/alisofiya/conjunctivitis/Dataset/infected_eye/60.jpg,datasets,Conjunctivitis,1,b93fad05f5f7cf8bbe22a256906cccb0,803
/kaggle/working/dataset_cleaned/Conjunctivitis/datase_604.png,/kaggle/input/datasets/safone/conjunctivitis-non-conjunctivitis/Conjunctivitis/604.png,datasets,Conjunctivitis,1,978299666df3250c7a31bf55b361f56f,229
/kaggle/working/dataset_cleaned/Conjunctivitis/datase_605.png,/kaggle/input/datasets/safone/conjunctivitis-non-conjunctivitis/Conjunctivitis/605.png,datasets,Conjunctivitis,1,ce49d7bb67c7d0181cb40f0633376342,234
/kaggle/working/dataset_cleaned/Conjunctivitis/datase_607.png,/kaggle/input/datasets/safone/conjunctivitis-non-conjunctivitis/Conjunctivitis/607.png,datasets,Conjunctivitis,1,43b7ef421a6117cd9b926235b8d2d581,230
/kaggle/working/dataset_cleaned/Conjunctivitis/datase_61.jpg,/kaggle/input/datasets/alisofiya/conjunctivitis/Dataset/infected_eye/61.jpg,datasets,Conjunctivitis,1,eef45f31694fcaa033b8d17b7a781fe7,1000
/kaggle/working/dataset_cleaned/Conjunctivitis/datase_613.png,/kaggle/input/datasets/safone/conjunctivitis-non-conjunctivitis/Conjunctivitis/613.png,datasets,Conjunctivitis,1,8e1e5e0e0f04ab1bf4f6453420d6fb4b,235
/kaggle/working/dataset_cleaned/Conjunctivitis/datase_63.jpg,/kaggle/input/datasets/alisofiya/conjunctivitis/Dataset/infected_eye/63.jpg,datasets,Conjunctivitis,1,d89c5453bb4888ad01e8035ea110bdc3,648
/kaggle/working/dataset_cleaned/Conjunctivitis/datase_64.jpg,/kaggle/input/datasets/alisofiya/conjunctivitis/Dataset/infected_eye/64.jpg,datasets,Conjunctivitis,1,3081307dec8eb5714ee94fb5c8f8868b,633
/kaggle/working/dataset_cleaned/Conjunctivitis/datase_650.png,/kaggle/input/datasets/safone/conjunctivitis-non-conjunctivitis/Conjunctivitis/650.png,datasets,Conjunctivitis,1,eb54a6181ebdfdea459c0e16e6754a61,260
/kaggle/working/dataset_cleaned/Conjunctivitis/datase_658.png,/kaggle/input/datasets/safone/conjunctivitis-non-conjunctivitis/Conjunctivitis/658.png,datasets,Conjunctivitis,1,c3b0c85d9e9a9165cb0a7d5a1076e39b,214
/kaggle/working/dataset_cleaned/Conjunctivitis/datase_66.jpg,/kaggle/input/datasets/alisofiya/conjunctivitis/Dataset/infected_eye/66.jpg,datasets,Conjunctivitis,1,212f163fc3af7e71f532f1401c27a5e8,360
/kaggle/working/dataset_cleaned/Conjunctivitis/datase_660.png,/kaggle/input/datasets/safone/conjunctivitis-non-conjunctivitis/Conjunctivitis/660.png,datasets,Conjunctivitis,1,78635cc9cca620bfec60e449acc75d5c,212
/kaggle/working/dataset_cleaned/Conjunctivitis/datase_665.png,/kaggle/input/datasets/safone/conjunctivitis-non-conjunctivitis/Conjunctivitis/665.png,datasets,Conjunctivitis,1,9468f98c0719cbbf4432eb89331f2259,201
/kaggle/working/dataset_cleaned/Conjunctivitis/datase_671.png,/kaggle/input/datasets/safone/conjunctivitis-non-conjunctivitis/Conjunctivitis/671.png,datasets,Conjunctivitis,1,d89875dd558295b3c1a9271226b11ae4,225
/kaggle/working/dataset_cleaned/Conjunctivitis/datase_673.png,/kaggle/input/datasets/safone/conjunctivitis-non-conjunctivitis/Conjunctivitis/673.png,datasets,Conjunctivitis,1,0d96aa70f0de16f8e9338bcc05e036cb,229
/kaggle/working/dataset_cleaned/Conjunctivitis/datase_674.png,/kaggle/input/datasets/safone/conjunctivitis-non-conjunctivitis/Conjunctivitis/674.png,datasets,Conjunctivitis,1,2145844f0075919b9479d52995485ba5,226
/kaggle/working/dataset_cleaned/Conjunctivitis/datase_676.png,/kaggle/input/datasets/safone/conjunctivitis-non-conjunctivitis/Conjunctivitis/676.png,datasets,Conjunctivitis,1,8ad7ae17a1d580e4fb4e41c4a6835ac8,226
/kaggle/working/dataset_cleaned/Conjunctivitis/datase_677.png,/kaggle/input/datasets/safone/conjunctivitis-non-conjunctivitis/Conjunctivitis/677.png,datasets,Conjunctivitis,1,bff9eb6365496df3c75de5680672cb41,216
/kaggle/working/dataset_cleaned/Conjunctivitis/datase_679.png,/kaggle/input/datasets/safone/conjunctivitis-non-conjunctivitis/Conjunctivitis/679.png,datasets,Conjunctivitis,1,ed2e1a57fe85a58e2c6700b3e13a9a68,202
/kaggle/working/dataset_cleaned/Conjunctivitis/datase_68.jpg,/kaggle/input/datasets/alisofiya/conjunctivitis/Dataset/infected_eye/68.jpg,datasets,Conjunctivitis,1,c040de49a48c37ef56af3003798139b2,728
/kaggle/working/dataset_cleaned/Conjunctivitis/datase_682.png,/kaggle/input/datasets/safone/conjunctivitis-non-conjunctivitis/Conjunctivitis/682.png,datasets,Conjunctivitis,1,76dc9b3299e7e87565f2d9d33e458f23,225
/kaggle/working/dataset_cleaned/Conjunctivitis/datase_683.png,/kaggle/input/datasets/safone/conjunctivitis-non-conjunctivitis/Conjunctivitis/683.png,datasets,Conjunctivitis,1,0102685d4c5e2c9589d238cab7e77150,224
/kaggle/working/dataset_cleaned/Conjunctivitis/datase_684.png,/kaggle/input/datasets/safone/conjunctivitis-non-conjunctivitis/Conjunctivitis/684.png,datasets,Conjunctivitis,1,f4bd61ac3b01585c190d59e5bc4559f0,214
/kaggle/working/dataset_cleaned/Conjunctivitis/datase_685.png,/kaggle/input/datasets/safone/conjunctivitis-non-conjunctivitis/Conjunctivitis/685.png,datasets,Conjunctivitis,1,ae7807753f28ec6650b63ba4e868e547,207
/kaggle/working/dataset_cleaned/Conjunctivitis/datase_686.png,/kaggle/input/datasets/safone/conjunctivitis-non-conjunctivitis/Conjunctivitis/686.png,datasets,Conjunctivitis,1,bef3f8fa6c3de1267469074cf71eb4fa,209
/kaggle/working/dataset_cleaned/Conjunctivitis/datase_687.png,/kaggle/input/datasets/safone/conjunctivitis-non-conjunctivitis/Conjunctivitis/687.png,datasets,Conjunctivitis,1,5cff9f001b655e2b68fedcccb87b2c90,205
/kaggle/working/dataset_cleaned/Conjunctivitis/datase_70.jpg,/kaggle/input/datasets/alisofiya/conjunctivitis/Dataset/infected_eye/70.jpg,datasets,Conjunctivitis,1,be3851686048d9a02e1fc5e84028b002,213
/kaggle/working/dataset_cleaned/Conjunctivitis/datase_72.jpg,/kaggle/input/datasets/alisofiya/conjunctivitis/Dataset/infected_eye/72.jpg,datasets,Conjunctivitis,1,4edd9b6b7928bbe7ff11e32037319606,234
/kaggle/working/dataset_cleaned/Conjunctivitis/datase_74.jpg,/kaggle/input/datasets/alisofiya/conjunctivitis/Dataset/infected_eye/74.jpg,datasets,Conjunctivitis,1,5de7ae43793c46fd6f1ef42a60623464,383
/kaggle/working/dataset_cleaned/Conjunctivitis/datase_77.jpg,/kaggle/input/datasets/alisofiya/conjunctivitis/Dataset/infected_eye/77.jpg,datasets,Conjunctivitis,1,c98603beb05a4895f6c8e0559a01e17e,251
/kaggle/working/dataset_cleaned/Conjunctivitis/datase_78.jpg,/kaggle/input/datasets/alisofiya/conjunctivitis/Dataset/infected_eye/78.jpg,datasets,Conjunctivitis,1,77a872b55696444c7d478e65cd8603f7,169
/kaggle/working/dataset_cleaned/Conjunctivitis/datase_79.jpg,/kaggle/input/datasets/alisofiya/conjunctivitis/Dataset/infected_eye/79.jpg,datasets,Conjunctivitis,1,9283e6f71cc9c62389d806fd50b643bb,233
/kaggle/working/dataset_cleaned/Conjunctivitis/datase_80.jpg,/kaggle/input/datasets/alisofiya/conjunctivitis/Dataset/infected_eye/80.jpg,datasets,Conjunctivitis,1,f17bc342a5236bb9e09e9c612ba373b4,356
/kaggle/working/dataset_cleaned/Conjunctivitis/datase_81.jpg,/kaggle/input/datasets/alisofiya/conjunctivitis/Dataset/infected_eye/81.jpg,datasets,Conjunctivitis,1,8ce1351d1abd734c06dd4dc8fe1a3ae2,183
/kaggle/working/dataset_cleaned/Conjunctivitis/datase_83.jpg,/kaggle/input/datasets/alisofiya/conjunctivitis/Dataset/infected_eye/83.jpg,datasets,Conjunctivitis,1,9e2b4d59eafeb65e39839e8ed2db9cb4,193
/kaggle/working/dataset_cleaned/Conjunctivitis/datase_84.jpg,/kaggle/input/datasets/alisofiya/conjunctivitis/Dataset/infected_eye/84.jpg,datasets,Conjunctivitis,1,9ae952484c06d06d4230e86e9f95c1d4,722
/kaggle/working/dataset_cleaned/Conjunctivitis/datase_86.jpg,/kaggle/input/datasets/alisofiya/conjunctivitis/Dataset/infected_eye/86.jpg,datasets,Conjunctivitis,1,fa26e9d430133ccc7a18395cea0ccc36,532
/kaggle/working/dataset_cleaned/Conjunctivitis/datase_87.jpg,/kaggle/input/datasets/alisofiya/conjunctivitis/Dataset/infected_eye/87.jpg,datasets,Conjunctivitis,1,baa182e46cbbdb60e0c614fb99f3db11,184
/kaggle/working/dataset_cleaned/Conjunctivitis/datase_88.jpg,/kaggle/input/datasets/alisofiya/conjunctivitis/Dataset/infected_eye/88.jpg,datasets,Conjunctivitis,1,8f4ebc961a5d60a1f2faf9abaf0f61d0,194
/kaggle/working/dataset_cleaned/Conjunctivitis/datase_9.jpg,/kaggle/input/datasets/alisofiya/conjunctivitis/Dataset/infected_eye/9.jpg,datasets,Conjunctivitis,1,3505d72c0b6b83f0bd15d5a5d78c6e2a,648
/kaggle/working/dataset_cleaned/Conjunctivitis/datase_90.jpg,/kaggle/input/datasets/alisofiya/conjunctivitis/Dataset/infected_eye/90.jpg,datasets,Conjunctivitis,1,42a78868363431d96f3bd61060933cef,360
/kaggle/working/dataset_cleaned/Conjunctivitis/datase_93.jpg,/kaggle/input/datasets/alisofiya/conjunctivitis/Dataset/infected_eye/93.jpg,datasets,Conjunctivitis,1,274cd5ce604c103d76e5c8bc89d4d306,308
/kaggle/working/dataset_cleaned/Conjunctivitis/datase_95.jpg,/kaggle/input/datasets/alisofiya/conjunctivitis/Dataset/infected_eye/95.jpg,datasets,Conjunctivitis,1,21bf4579e7e72deedbb41cc52b22e14c,667
/kaggle/working/dataset_cleaned/Conjunctivitis/datase_96.jpg,/kaggle/input/datasets/alisofiya/conjunctivitis/Dataset/infected_eye/96.jpg,datasets,Conjunctivitis,1,3424c1e8c57ba8ed9783b5faf81653b8,537
/kaggle/working/dataset_cleaned/Non_Conjunctivitis/datase_100.jpg,/kaggle/input/datasets/alisofiya/conjunctivitis/Dataset/healthy_eye/100.jpg,datasets,Non_Conjunctivitis,0,cd352f38fedbaae97e09bce2d093154f,666
/kaggle/working/dataset_cleaned/Non_Conjunctivitis/datase_101.jpg,/kaggle/input/datasets/alisofiya/conjunctivitis/Dataset/healthy_eye/101.jpg,datasets,Non_Conjunctivitis,0,8848e15fd0255bf9713121c37de4339b,1609
/kaggle/working/dataset_cleaned/Non_Conjunctivitis/datase_102.jpg,/kaggle/input/datasets/alisofiya/conjunctivitis/Dataset/healthy_eye/102.jpg,datasets,Non_Conjunctivitis,0,07c720241dd7e6b8c1cb1a5362566981,206
/kaggle/working/dataset_cleaned/Non_Conjunctivitis/datase_103.jpg,/kaggle/input/datasets/alisofiya/conjunctivitis/Dataset/healthy_eye/103.jpg,datasets,Non_Conjunctivitis,0,339db6e8c0fcdac1a63e7cf0973baad1,592
/kaggle/working/dataset_cleaned/Non_Conjunctivitis/datase_104.jpg,/kaggle/input/datasets/alisofiya/conjunctivitis/Dataset/healthy_eye/104.jpg,datasets,Non_Conjunctivitis,0,204e8606dc7f2862bcd06248918f2e5a,194
/kaggle/working/dataset_cleaned/Non_Conjunctivitis/datase_105.jpg,/kaggle/input/datasets/alisofiya/conjunctivitis/Dataset/healthy_eye/105.jpg,datasets,Non_Conjunctivitis,0,e40ce1167643bdd18e184adec53c7be3,480
/kaggle/working/dataset_cleaned/Non_Conjunctivitis/datase_106.jpg,/kaggle/input/datasets/alisofiya/conjunctivitis/Dataset/healthy_eye/106.jpg,datasets,Non_Conjunctivitis,0,4fa8b5a4e1b3941770801136c964063e,394
/kaggle/working/dataset_cleaned/Non_Conjunctivitis/datase_107.jpg,/kaggle/input/datasets/alisofiya/conjunctivitis/Dataset/healthy_eye/107.jpg,datasets,Non_Conjunctivitis,0,fa5c3dff37751de5e6033044bc1eb92c,587
/kaggle/working/dataset_cleaned/Non_Conjunctivitis/datase_108.jpg,/kaggle/input/datasets/alisofiya/conjunctivitis/Dataset/healthy_eye/108.jpg,datasets,Non_Conjunctivitis,0,8aea011024a61fe60cf3070e2c5af81b,279
/kaggle/working/dataset_cleaned/Non_Conjunctivitis/datase_109.jpg,/kaggle/input/datasets/alisofiya/conjunctivitis/Dataset/healthy_eye/109.jpg,datasets,Non_Conjunctivitis,0,6e33e0bff05ea4073d6b5e3b14a9eba8,957
/kaggle/working/dataset_cleaned/Non_Conjunctivitis/datase_11.jpg,/kaggle/input/datasets/alisofiya/conjunctivitis/Dataset/healthy_eye/11.jpg,datasets,Non_Conjunctivitis,0,53a1ee36fab5ddeffa259669c3197892,394
/kaggle/working/dataset_cleaned/Non_Conjunctivitis/datase_112.jpg,/kaggle/input/datasets/alisofiya/conjunctivitis/Dataset/healthy_eye/112.jpg,datasets,Non_Conjunctivitis,0,5dc38f51fdaf8ad221de7bcdd674003c,1078
/kaggle/working/dataset_cleaned/Non_Conjunctivitis/datase_114.jpg,/kaggle/input/datasets/alisofiya/conjunctivitis/Dataset/healthy_eye/114.jpg,datasets,Non_Conjunctivitis,0,273a71b027504005f87ac91392554289,183
/kaggle/working/dataset_cleaned/Non_Conjunctivitis/datase_115.jpg,/kaggle/input/datasets/alisofiya/conjunctivitis/Dataset/healthy_eye/115.jpg,datasets,Non_Conjunctivitis,0,7aaedf575338e743113b0c95cf760b08,2549
/kaggle/working/dataset_cleaned/Non_Conjunctivitis/datase_116.jpg,/kaggle/input/datasets/alisofiya/conjunctivitis/Dataset/healthy_eye/116.jpg,datasets,Non_Conjunctivitis,0,207c2a7926f003bbbce6cf7bde5d267f,1177
/kaggle/working/dataset_cleaned/Non_Conjunctivitis/datase_119.jpg,/kaggle/input/datasets/alisofiya/conjunctivitis/Dataset/healthy_eye/119.jpg,datasets,Non_Conjunctivitis,0,42dc048cf039d22cbb7eea1a9475188e,228
/kaggle/working/dataset_cleaned/Non_Conjunctivitis/datase_12.jpg,/kaggle/input/datasets/alisofiya/conjunctivitis/Dataset/healthy_eye/12.jpg,datasets,Non_Conjunctivitis,0,50b153fc32376102b272a3287088edea,587
/kaggle/working/dataset_cleaned/Non_Conjunctivitis/datase_120.jpg,/kaggle/input/datasets/alisofiya/conjunctivitis/Dataset/healthy_eye/120.jpg,datasets,Non_Conjunctivitis,0,5e6461fa88177c2b03bf5f2a61acff66,224
/kaggle/working/dataset_cleaned/Non_Conjunctivitis/datase_121.jpg,/kaggle/input/datasets/alisofiya/conjunctivitis/Dataset/healthy_eye/121.jpg,datasets,Non_Conjunctivitis,0,b182680477ace2235f78bb529b3faedb,232
/kaggle/working/dataset_cleaned/Non_Conjunctivitis/datase_122.jpg,/kaggle/input/datasets/alisofiya/conjunctivitis/Dataset/healthy_eye/122.jpg,datasets,Non_Conjunctivitis,0,c5fb0aa549114b248e6a23d6f9f6695e,667
/kaggle/working/dataset_cleaned/Non_Conjunctivitis/datase_124.jpg,/kaggle/input/datasets/alisofiya/conjunctivitis/Dataset/healthy_eye/124.jpg,datasets,Non_Conjunctivitis,0,e65edf7a411c002e0f5dfcb02c5b5253,408
/kaggle/working/dataset_cleaned/Non_Conjunctivitis/datase_125.jpeg,/kaggle/input/datasets/alisofiya/conjunctivitis/Dataset/healthy_eye/125.jpeg,datasets,Non_Conjunctivitis,0,180b731b8e9cc6d01397ca881377cef1,337
/kaggle/working/dataset_cleaned/Non_Conjunctivitis/datase_126.jpeg,/kaggle/input/datasets/alisofiya/conjunctivitis/Dataset/healthy_eye/126.jpeg,datasets,Non_Conjunctivitis,0,8da3dca2d7d3bcb8a7fb4c0842e37a51,183
/kaggle/working/dataset_cleaned/Non_Conjunctivitis/datase_127.jpeg,/kaggle/input/datasets/alisofiya/conjunctivitis/Dataset/healthy_eye/127.jpeg,datasets,Non_Conjunctivitis,0,8164a32e68fcc831d9c7c925ea270bc3,183
/kaggle/working/dataset_cleaned/Non_Conjunctivitis/datase_128.jpg,/kaggle/input/datasets/alisofiya/conjunctivitis/Dataset/healthy_eye/128.jpg,datasets,Non_Conjunctivitis,0,4310bf558924c40f9e10ac67e0a9047e,480
/kaggle/working/dataset_cleaned/Non_Conjunctivitis/datase_13.jpg,/kaggle/input/datasets/alisofiya/conjunctivitis/Dataset/healthy_eye/13.jpg,datasets,Non_Conjunctivitis,0,67d9dd54468305e582637cb833cc6d80,279
/kaggle/working/dataset_cleaned/Non_Conjunctivitis/datase_130.jpg,/kaggle/input/datasets/alisofiya/conjunctivitis/Dataset/healthy_eye/130.jpg,datasets,Non_Conjunctivitis,0,23fb721606359ceb27ef2c751d26758f,427
/kaggle/working/dataset_cleaned/Non_Conjunctivitis/datase_131.jpg,/kaggle/input/datasets/alisofiya/conjunctivitis/Dataset/healthy_eye/131.jpg,datasets,Non_Conjunctivitis,0,791994854ff434f7564befdf256b5b73,2000
/kaggle/working/dataset_cleaned/Non_Conjunctivitis/datase_134.jpg,/kaggle/input/datasets/alisofiya/conjunctivitis/Dataset/healthy_eye/134.jpg,datasets,Non_Conjunctivitis,0,7fe933c58e9dd18979d86a749534dbff,729
/kaggle/working/dataset_cleaned/Non_Conjunctivitis/datase_135.jpg,/kaggle/input/datasets/alisofiya/conjunctivitis/Dataset/healthy_eye/135.jpg,datasets,Non_Conjunctivitis,0,2a1bf957d43e79a7087d6e00bb64434f,446
/kaggle/working/dataset_cleaned/Non_Conjunctivitis/datase_136.jpg,/kaggle/input/datasets/alisofiya/conjunctivitis/Dataset/healthy_eye/136.jpg,datasets,Non_Conjunctivitis,0,ff58448d2ccd47b1c586e6094ed2b366,480
/kaggle/working/dataset_cleaned/Non_Conjunctivitis/datase_137.jpeg,/kaggle/input/datasets/alisofiya/conjunctivitis/Dataset/healthy_eye/137.jpeg,datasets,Non_Conjunctivitis,0,5da6fb124c2346cec4d9aff5a87341ee,168
/kaggle/working/dataset_cleaned/Non_Conjunctivitis/datase_139.jpg,/kaggle/input/datasets/alisofiya/conjunctivitis/Dataset/healthy_eye/139.jpg,datasets,Non_Conjunctivitis,0,bb9034824f92d59f71cb9ee6fa2612ef,540
/kaggle/working/dataset_cleaned/Non_Conjunctivitis/datase_14.jpg,/kaggle/input/datasets/alisofiya/conjunctivitis/Dataset/healthy_eye/14.jpg,datasets,Non_Conjunctivitis,0,27c051e09129e4fd183ddcb5409fa85f,957
/kaggle/working/dataset_cleaned/Non_Conjunctivitis/datase_141.jpg,/kaggle/input/datasets/alisofiya/conjunctivitis/Dataset/healthy_eye/141.jpg,datasets,Non_Conjunctivitis,0,8f8c054748f60f4b030296b2c7db6d5f,667
/kaggle/working/dataset_cleaned/Non_Conjunctivitis/datase_142.jpeg,/kaggle/input/datasets/alisofiya/conjunctivitis/Dataset/healthy_eye/142.jpeg,datasets,Non_Conjunctivitis,0,339359f87704d88655962f981e480d83,176
/kaggle/working/dataset_cleaned/Non_Conjunctivitis/datase_145.jpg,/kaggle/input/datasets/alisofiya/conjunctivitis/Dataset/healthy_eye/145.jpg,datasets,Non_Conjunctivitis,0,4f346d869c333c3b17fbe14f114a9a97,366
/kaggle/working/dataset_cleaned/Non_Conjunctivitis/datase_148.jpg,/kaggle/input/datasets/alisofiya/conjunctivitis/Dataset/healthy_eye/148.jpg,datasets,Non_Conjunctivitis,0,ccc10628ca2ec870beac04b790e8aa99,772
/kaggle/working/dataset_cleaned/Non_Conjunctivitis/datase_15.jpg,/kaggle/input/datasets/alisofiya/conjunctivitis/Dataset/healthy_eye/15.jpg,datasets,Non_Conjunctivitis,0,bdd21d11d35f7fbfa884baf44e045379,575
/kaggle/working/dataset_cleaned/Non_Conjunctivitis/datase_151.jpg,/kaggle/input/datasets/alisofiya/conjunctivitis/Dataset/healthy_eye/151.jpg,datasets,Non_Conjunctivitis,0,d17099b2d3a7eb68b9fb31e8def1bfc1,630
/kaggle/working/dataset_cleaned/Non_Conjunctivitis/datase_152.jpg,/kaggle/input/datasets/alisofiya/conjunctivitis/Dataset/healthy_eye/152.jpg,datasets,Non_Conjunctivitis,0,e0b1ce1d930621c6083a64049cc33c6c,1080
/kaggle/working/dataset_cleaned/Non_Conjunctivitis/datase_155.jpg,/kaggle/input/datasets/alisofiya/conjunctivitis/Dataset/healthy_eye/155.jpg,datasets,Non_Conjunctivitis,0,f17874bf9a9cfa1f88364a6924c314f4,408
/kaggle/working/dataset_cleaned/Non_Conjunctivitis/datase_156.jpeg,/kaggle/input/datasets/alisofiya/conjunctivitis/Dataset/healthy_eye/156.jpeg,datasets,Non_Conjunctivitis,0,8d948ef4f9bd5110b489cc33a51ac6f0,225
/kaggle/working/dataset_cleaned/Non_Conjunctivitis/datase_157.jpg,/kaggle/input/datasets/alisofiya/conjunctivitis/Dataset/healthy_eye/157.jpg,datasets,Non_Conjunctivitis,0,4a02b7502c5b9e1cf5b487e3b785d13e,1107
/kaggle/working/dataset_cleaned/Non_Conjunctivitis/datase_158.jpg,/kaggle/input/datasets/alisofiya/conjunctivitis/Dataset/healthy_eye/158.jpg,datasets,Non_Conjunctivitis,0,9f6dc6dc6ac2c2ffd1725a0ac4c10a02,1000
/kaggle/working/dataset_cleaned/Non_Conjunctivitis/datase_16.jpg,/kaggle/input/datasets/alisofiya/conjunctivitis/Dataset/healthy_eye/16.jpg,datasets,Non_Conjunctivitis,0,505b3ed154dfebf4fe839d90f6496f70,1280
/kaggle/working/dataset_cleaned/Non_Conjunctivitis/datase_160.jpg,/kaggle/input/datasets/alisofiya/conjunctivitis/Dataset/healthy_eye/160.jpg,datasets,Non_Conjunctivitis,0,cd98c7a48b8592fad1ccfdc257981c1b,817
/kaggle/working/dataset_cleaned/Non_Conjunctivitis/datase_161.jpg,/kaggle/input/datasets/alisofiya/conjunctivitis/Dataset/healthy_eye/161.jpg,datasets,Non_Conjunctivitis,0,4ea8434c76aadb6fc61d15de26c498f1,800
/kaggle/working/dataset_cleaned/Non_Conjunctivitis/datase_162.jpg,/kaggle/input/datasets/alisofiya/conjunctivitis/Dataset/healthy_eye/162.jpg,datasets,Non_Conjunctivitis,0,8e8ac14d45f7f45b4bc783f7737669a8,682
/kaggle/working/dataset_cleaned/Non_Conjunctivitis/datase_163.jpg,/kaggle/input/datasets/alisofiya/conjunctivitis/Dataset/healthy_eye/163.jpg,datasets,Non_Conjunctivitis,0,24627f7d3ca0024657aaecaa10383502,1200
/kaggle/working/dataset_cleaned/Non_Conjunctivitis/datase_166.jpg,/kaggle/input/datasets/alisofiya/conjunctivitis/Dataset/healthy_eye/166.jpg,datasets,Non_Conjunctivitis,0,dcc1fec7be5d50d6c54571819fd2043c,800
/kaggle/working/dataset_cleaned/Non_Conjunctivitis/datase_168.jpg,/kaggle/input/datasets/alisofiya/conjunctivitis/Dataset/healthy_eye/168.jpg,datasets,Non_Conjunctivitis,0,aec55737531283fff3ca04aa33d8ad86,720
/kaggle/working/dataset_cleaned/Non_Conjunctivitis/datase_17.jpg,/kaggle/input/datasets/alisofiya/conjunctivitis/Dataset/healthy_eye/17.jpg,datasets,Non_Conjunctivitis,0,f2cc83e5b110d9931f04e3f01b6a9d40,1078
/kaggle/working/dataset_cleaned/Non_Conjunctivitis/datase_170.jpeg,/kaggle/input/datasets/alisofiya/conjunctivitis/Dataset/healthy_eye/170.jpeg,datasets,Non_Conjunctivitis,0,774d2b4b51e06a5b746a0cc9b12be406,183
/kaggle/working/dataset_cleaned/Non_Conjunctivitis/datase_172.jpeg,/kaggle/input/datasets/alisofiya/conjunctivitis/Dataset/healthy_eye/172.jpeg,datasets,Non_Conjunctivitis,0,f544a8aedcc3e315fd0b852dbfda5b30,198
/kaggle/working/dataset_cleaned/Non_Conjunctivitis/datase_173.jpg,/kaggle/input/datasets/alisofiya/conjunctivitis/Dataset/healthy_eye/173.jpg,datasets,Non_Conjunctivitis,0,17484dc3e1be9b999d8d20cf7ad8a3f6,533
/kaggle/working/dataset_cleaned/Non_Conjunctivitis/datase_174.jpg,/kaggle/input/datasets/alisofiya/conjunctivitis/Dataset/healthy_eye/174.jpg,datasets,Non_Conjunctivitis,0,3e859114e20d6706068d56f33be72dcc,240
/kaggle/working/dataset_cleaned/Non_Conjunctivitis/datase_175.jpeg,/kaggle/input/datasets/alisofiya/conjunctivitis/Dataset/healthy_eye/175.jpeg,datasets,Non_Conjunctivitis,0,160d5d740c89dfe83f6dab0694712636,201
/kaggle/working/dataset_cleaned/Non_Conjunctivitis/datase_176.jpeg,/kaggle/input/datasets/alisofiya/conjunctivitis/Dataset/healthy_eye/176.jpeg,datasets,Non_Conjunctivitis,0,81a34d8f72fe2c7af0a54b467e012f4a,183
/kaggle/working/dataset_cleaned/Non_Conjunctivitis/datase_177.jpeg,/kaggle/input/datasets/alisofiya/conjunctivitis/Dataset/healthy_eye/177.jpeg,datasets,Non_Conjunctivitis,0,5c1a98a3adfe027111695d97e08c3b41,183
/kaggle/working/dataset_cleaned/Non_Conjunctivitis/datase_178.jpeg,/kaggle/input/datasets/alisofiya/conjunctivitis/Dataset/healthy_eye/178.jpeg,datasets,Non_Conjunctivitis,0,af3fc56221b4827531fd1c60aba53f05,159
/kaggle/working/dataset_cleaned/Non_Conjunctivitis/datase_179.jpg,/kaggle/input/datasets/alisofiya/conjunctivitis/Dataset/healthy_eye/179.jpg,datasets,Non_Conjunctivitis,0,543964a6463ae258ff730fea7a791809,320
/kaggle/working/dataset_cleaned/Non_Conjunctivitis/datase_18.jpg,/kaggle/input/datasets/alisofiya/conjunctivitis/Dataset/healthy_eye/18.jpg,datasets,Non_Conjunctivitis,0,04ade78f4fe8b7112259a676dd5e2855,400
/kaggle/working/dataset_cleaned/Non_Conjunctivitis/datase_181.jpeg,/kaggle/input/datasets/alisofiya/conjunctivitis/Dataset/healthy_eye/181.jpeg,datasets,Non_Conjunctivitis,0,93b6050596297ec60ccb865fa5af2cb2,186
/kaggle/working/dataset_cleaned/Non_Conjunctivitis/datase_19.jpg,/kaggle/input/datasets/alisofiya/conjunctivitis/Dataset/healthy_eye/19.jpg,datasets,Non_Conjunctivitis,0,bfcc37e3f3380759c650b280ee0908c5,183
/kaggle/working/dataset_cleaned/Non_Conjunctivitis/datase_2.jpg,/kaggle/input/datasets/alisofiya/conjunctivitis/Dataset/healthy_eye/2.jpg,datasets,Non_Conjunctivitis,0,95bbdba381f46718abe881ac1e94ec68,189
/kaggle/working/dataset_cleaned/Non_Conjunctivitis/datase_22.jpg,/kaggle/input/datasets/alisofiya/conjunctivitis/Dataset/healthy_eye/22.jpg,datasets,Non_Conjunctivitis,0,f579eafdb798cbef10206e0b7c17ef15,407
/kaggle/working/dataset_cleaned/Non_Conjunctivitis/datase_23.jpg,/kaggle/input/datasets/alisofiya/conjunctivitis/Dataset/healthy_eye/23.jpg,datasets,Non_Conjunctivitis,0,5ef0232d58cb54085626617c8131438c,520
/kaggle/working/dataset_cleaned/Non_Conjunctivitis/datase_24.jpg,/kaggle/input/datasets/alisofiya/conjunctivitis/Dataset/healthy_eye/24.jpg,datasets,Non_Conjunctivitis,0,824678cdc9fde30a9e5ae347999cf2b8,350
/kaggle/working/dataset_cleaned/Non_Conjunctivitis/datase_26.jpg,/kaggle/input/datasets/alisofiya/conjunctivitis/Dataset/healthy_eye/26.jpg,datasets,Non_Conjunctivitis,0,8fbf2fa219d9b0f40bfc63c90896ad13,183
/kaggle/working/dataset_cleaned/Non_Conjunctivitis/datase_27.jpg,/kaggle/input/datasets/alisofiya/conjunctivitis/Dataset/healthy_eye/27.jpg,datasets,Non_Conjunctivitis,0,006570e305a28195c02f9486aab68921,224
/kaggle/working/dataset_cleaned/Non_Conjunctivitis/datase_28.jpg,/kaggle/input/datasets/alisofiya/conjunctivitis/Dataset/healthy_eye/28.jpg,datasets,Non_Conjunctivitis,0,00755bbb490aba9833472565ea96cde2,708
/kaggle/working/dataset_cleaned/Non_Conjunctivitis/datase_29.jpg,/kaggle/input/datasets/alisofiya/conjunctivitis/Dataset/healthy_eye/29.jpg,datasets,Non_Conjunctivitis,0,a0ecccfc9994708803d17c17413425ff,406
/kaggle/working/dataset_cleaned/Non_Conjunctivitis/datase_3.jpg,/kaggle/input/datasets/alisofiya/conjunctivitis/Dataset/healthy_eye/3.jpg,datasets,Non_Conjunctivitis,0,70d49a9ecbbc1ff6c4aefda1065e0171,300
/kaggle/working/dataset_cleaned/Non_Conjunctivitis/datase_30.jpg,/kaggle/input/datasets/alisofiya/conjunctivitis/Dataset/healthy_eye/30.jpg,datasets,Non_Conjunctivitis,0,5bdc74becc1c870bb80dd323452fc09e,950
/kaggle/working/dataset_cleaned/Non_Conjunctivitis/datase_32.jpg,/kaggle/input/datasets/alisofiya/conjunctivitis/Dataset/healthy_eye/32.jpg,datasets,Non_Conjunctivitis,0,6d3f345464105e013f07df5f365ec222,854
/kaggle/working/dataset_cleaned/Non_Conjunctivitis/datase_33.jpg,/kaggle/input/datasets/alisofiya/conjunctivitis/Dataset/healthy_eye/33.jpg,datasets,Non_Conjunctivitis,0,44abecb0f587a4836dd2ea9fde978c29,191
/kaggle/working/dataset_cleaned/Non_Conjunctivitis/datase_37.jpg,/kaggle/input/datasets/alisofiya/conjunctivitis/Dataset/healthy_eye/37.jpg,datasets,Non_Conjunctivitis,0,f9fde2b7cb850e7c7d80f6b4c1b7f994,394
/kaggle/working/dataset_cleaned/Non_Conjunctivitis/datase_38.jpg,/kaggle/input/datasets/alisofiya/conjunctivitis/Dataset/healthy_eye/38.jpg,datasets,Non_Conjunctivitis,0,1198d331c3b42624139be67bc5e13540,225
/kaggle/working/dataset_cleaned/Non_Conjunctivitis/datase_40.jpg,/kaggle/input/datasets/alisofiya/conjunctivitis/Dataset/healthy_eye/40.jpg,datasets,Non_Conjunctivitis,0,077df24654c823fb551c5ad2461cb405,201
/kaggle/working/dataset_cleaned/Non_Conjunctivitis/datase_41.jpg,/kaggle/input/datasets/alisofiya/conjunctivitis/Dataset/healthy_eye/41.jpg,datasets,Non_Conjunctivitis,0,80d95ebf21dbd62fbb8ad4ffe84f926d,683
/kaggle/working/dataset_cleaned/Non_Conjunctivitis/datase_42.jpg,/kaggle/input/datasets/alisofiya/conjunctivitis/Dataset/healthy_eye/42.jpg,datasets,Non_Conjunctivitis,0,ee4b020de7bd353be80375b67c73fbaa,601
/kaggle/working/dataset_cleaned/Non_Conjunctivitis/datase_43.jpg,/kaggle/input/datasets/alisofiya/conjunctivitis/Dataset/healthy_eye/43.jpg,datasets,Non_Conjunctivitis,0,bb4d7debbfb9c577aacaf783698549b3,438
/kaggle/working/dataset_cleaned/Non_Conjunctivitis/datase_44.jpg,/kaggle/input/datasets/alisofiya/conjunctivitis/Dataset/healthy_eye/44.jpg,datasets,Non_Conjunctivitis,0,4193af9c3e1d415c4507815a2057e9a0,666
/kaggle/working/dataset_cleaned/Non_Conjunctivitis/datase_45.jpg,/kaggle/input/datasets/alisofiya/conjunctivitis/Dataset/healthy_eye/45.jpg,datasets,Non_Conjunctivitis,0,5c6c42b957d7d6b70533bc32c4541fdf,186
/kaggle/working/dataset_cleaned/Non_Conjunctivitis/datase_49.jpg,/kaggle/input/datasets/alisofiya/conjunctivitis/Dataset/healthy_eye/49.jpg,datasets,Non_Conjunctivitis,0,8650618c0bff073a96fd73b9f18cd49e,201
/kaggle/working/dataset_cleaned/Non_Conjunctivitis/datase_5.jpg,/kaggle/input/datasets/alisofiya/conjunctivitis/Dataset/healthy_eye/5.jpg,datasets,Non_Conjunctivitis,0,9561bdb5de703f474cfee68fcef94463,173
/kaggle/working/dataset_cleaned/Non_Conjunctivitis/datase_50.jpg,/kaggle/input/datasets/alisofiya/conjunctivitis/Dataset/healthy_eye/50.jpg,datasets,Non_Conjunctivitis,0,cef12618c30452c9b5a61d7ff24ec39a,817
/kaggle/working/dataset_cleaned/Non_Conjunctivitis/datase_51.jpg,/kaggle/input/datasets/alisofiya/conjunctivitis/Dataset/healthy_eye/51.jpg,datasets,Non_Conjunctivitis,0,d7e34ae6ca9bc50cc86b7b2b2d2cf7b1,1107
/kaggle/working/dataset_cleaned/Non_Conjunctivitis/datase_53.jpg,/kaggle/input/datasets/alisofiya/conjunctivitis/Dataset/healthy_eye/53.jpg,datasets,Non_Conjunctivitis,0,f4a6378376f75c64d5f30a0ceb2649ca,540
/kaggle/working/dataset_cleaned/Non_Conjunctivitis/datase_55.jpg,/kaggle/input/datasets/alisofiya/conjunctivitis/Dataset/healthy_eye/55.jpg,datasets,Non_Conjunctivitis,0,cb3825d8d3894f7a7ed20349b456afeb,168
/kaggle/working/dataset_cleaned/Non_Conjunctivitis/datase_56.jpg,/kaggle/input/datasets/alisofiya/conjunctivitis/Dataset/healthy_eye/56.jpg,datasets,Non_Conjunctivitis,0,d4ed7c346a6df911a84cc876f42f0beb,480
/kaggle/working/dataset_cleaned/Non_Conjunctivitis/datase_57.jpg,/kaggle/input/datasets/alisofiya/conjunctivitis/Dataset/healthy_eye/57.jpg,datasets,Non_Conjunctivitis,0,1297168027cf03bdd3aad691b244988f,446
/kaggle/working/dataset_cleaned/Non_Conjunctivitis/datase_58.jpg,/kaggle/input/datasets/alisofiya/conjunctivitis/Dataset/healthy_eye/58.jpg,datasets,Non_Conjunctivitis,0,56f8e183317fee27a51400cfbcbe6b88,729
/kaggle/working/dataset_cleaned/Non_Conjunctivitis/datase_59.jpg,/kaggle/input/datasets/alisofiya/conjunctivitis/Dataset/healthy_eye/59.jpg,datasets,Non_Conjunctivitis,0,33e483a104a1d47f9e3c2527909aba5a,399
/kaggle/working/dataset_cleaned/Non_Conjunctivitis/datase_63.jpg,/kaggle/input/datasets/alisofiya/conjunctivitis/Dataset/healthy_eye/63.jpg,datasets,Non_Conjunctivitis,0,8f7e46917b51a7f446bf1c31163af1ee,194
/kaggle/working/dataset_cleaned/Non_Conjunctivitis/datase_64.jpg,/kaggle/input/datasets/alisofiya/conjunctivitis/Dataset/healthy_eye/64.jpg,datasets,Non_Conjunctivitis,0,3818c88d43324e2a16366e794054f5df,183
/kaggle/working/dataset_cleaned/Non_Conjunctivitis/datase_65.jpg,/kaggle/input/datasets/alisofiya/conjunctivitis/Dataset/healthy_eye/65.jpg,datasets,Non_Conjunctivitis,0,aaa79a0c7e057e2d93d707454bd0907d,183
/kaggle/working/dataset_cleaned/Non_Conjunctivitis/datase_66.jpg,/kaggle/input/datasets/alisofiya/conjunctivitis/Dataset/healthy_eye/66.jpg,datasets,Non_Conjunctivitis,0,8010c33d41337a0fb75a734804ba15d1,408
/kaggle/working/dataset_cleaned/Non_Conjunctivitis/datase_67.jpg,/kaggle/input/datasets/alisofiya/conjunctivitis/Dataset/healthy_eye/67.jpg,datasets,Non_Conjunctivitis,0,bf1b7d1be3a80d2d902860407ac98e02,406
/kaggle/working/dataset_cleaned/Non_Conjunctivitis/datase_7.jpg,/kaggle/input/datasets/alisofiya/conjunctivitis/Dataset/healthy_eye/7.jpg,datasets,Non_Conjunctivitis,0,1619165edc44a19c52eeacf6d08360de,225
/kaggle/working/dataset_cleaned/Non_Conjunctivitis/datase_71.jpg,/kaggle/input/datasets/alisofiya/conjunctivitis/Dataset/healthy_eye/71.jpg,datasets,Non_Conjunctivitis,0,2c7d2a5de08a65ea46a569f267cfd3b6,183
/kaggle/working/dataset_cleaned/Non_Conjunctivitis/datase_72.jpg,/kaggle/input/datasets/alisofiya/conjunctivitis/Dataset/healthy_eye/72.jpg,datasets,Non_Conjunctivitis,0,fe73651b338c822ccafce39eff56b972,139
/kaggle/working/dataset_cleaned/Non_Conjunctivitis/datase_75.jpg,/kaggle/input/datasets/alisofiya/conjunctivitis/Dataset/healthy_eye/75.jpg,datasets,Non_Conjunctivitis,0,4af4033cba8f1dd78b33b2bed849dc2f,183
/kaggle/working/dataset_cleaned/Non_Conjunctivitis/datase_76.jpg,/kaggle/input/datasets/alisofiya/conjunctivitis/Dataset/healthy_eye/76.jpg,datasets,Non_Conjunctivitis,0,669c38ebc3327646f71d7972d662e0bb,173
/kaggle/working/dataset_cleaned/Non_Conjunctivitis/datase_77.jpg,/kaggle/input/datasets/alisofiya/conjunctivitis/Dataset/healthy_eye/77.jpg,datasets,Non_Conjunctivitis,0,10ba5bd31e1bbb15ac22bdf657c9c4bf,187
/kaggle/working/dataset_cleaned/Non_Conjunctivitis/datase_79.jpg,/kaggle/input/datasets/alisofiya/conjunctivitis/Dataset/healthy_eye/79.jpg,datasets,Non_Conjunctivitis,0,b239c29cff1ccf4f1853ff9fc5f8c6b2,640
/kaggle/working/dataset_cleaned/Non_Conjunctivitis/datase_82.jpg,/kaggle/input/datasets/alisofiya/conjunctivitis/Dataset/healthy_eye/82.jpg,datasets,Non_Conjunctivitis,0,28aa6d3ae49351f9b42dcee3e5d0d2d2,630
/kaggle/working/dataset_cleaned/Non_Conjunctivitis/datase_83.jpg,/kaggle/input/datasets/alisofiya/conjunctivitis/Dataset/healthy_eye/83.jpg,datasets,Non_Conjunctivitis,0,64e6620b9470c8d62a9ad4d821f81538,849
